date,symbol,Open,High,Low,Close,Volume
2021-05-14 21:30:00,NASDAQ:GOOGL,112.927,114.236,112.5,113.919,31996580.0
2021-05-17 21:30:00,NASDAQ:GOOGL,113.1785,114.489,112.775505,114.446,21597380.0
2021-05-18 21:30:00,NASDAQ:GOOGL,115.1175,115.38409,113.1095,113.1235,22203700.0
2021-05-19 21:30:00,NASDAQ:GOOGL,111.4215,113.7495,111.272,113.575,23684100.0
2021-05-20 21:30:00,NASDAQ:GOOGL,114.55,115.6,114.176,115.3475,32351000.0
2021-05-21 21:30:00,NASDAQ:GOOGL,115.8705,115.9445,114.465,114.7065,40631800.0
2021-05-24 21:30:00,NASDAQ:GOOGL,115.7445,118.2775,115.59775,118.052,31832200.0
2021-05-25 21:30:00,NASDAQ:GOOGL,118.6,119.2,117.75,118.1435,22439640.0
2021-05-26 21:30:00,NASDAQ:GOOGL,118.326,119.4495,118.323125,119.0155,21571960.0
2021-05-27 21:30:00,NASDAQ:GOOGL,119.4525,119.4525,117.813,118.134,35224020.0
2021-05-28 21:30:00,NASDAQ:GOOGL,118.721,118.8035,117.6425,117.8425,21490800.0
2021-06-01 21:30:00,NASDAQ:GOOGL,118.722,119.2855,117.714,119.059,23358020.0
2021-06-02 21:30:00,NASDAQ:GOOGL,119.4575,119.682,117.61775,118.5295,21162920.0
2021-06-03 21:30:00,NASDAQ:GOOGL,117.2865,117.85075,116.476,117.379,18695920.0
2021-06-04 21:30:00,NASDAQ:GOOGL,118.4635,119.9515,118.1205,119.6785,24458200.0
2021-06-07 21:30:00,NASDAQ:GOOGL,119.4718,120.225495,119.05,120.115,24119320.0
2021-06-08 21:30:00,NASDAQ:GOOGL,120.6005,120.97601,119.739,119.922,24239840.0
2021-06-09 21:30:00,NASDAQ:GOOGL,120.5715,120.644,119.845,120.397,17941040.0
2021-06-10 21:30:00,NASDAQ:GOOGL,120.346,121.8,120.189,121.7565,25907500.0
2021-06-11 21:30:00,NASDAQ:GOOGL,122.0,122.086,120.948,121.51,21958140.0
2021-06-14 21:30:00,NASDAQ:GOOGL,121.613,122.446,120.9,122.4455,22097560.0
2021-06-15 21:30:00,NASDAQ:GOOGL,122.45,122.7755,121.056,121.4195,21562140.0
2021-06-16 21:30:00,NASDAQ:GOOGL,121.572,121.886,119.47,120.7725,26471860.0
2021-06-17 21:30:00,NASDAQ:GOOGL,120.6975,122.5225,120.5,121.7435,25848880.0
2021-06-18 21:30:00,NASDAQ:GOOGL,121.367,121.603,120.015,120.111,46115200.00000001
2021-06-21 21:30:00,NASDAQ:GOOGL,120.5005,122.0,119.8985,121.8125,27413660.0
2021-06-22 21:30:00,NASDAQ:GOOGL,121.75,122.4,121.064,122.3305,22390200.0
2021-06-23 21:30:00,NASDAQ:GOOGL,122.0935,123.0955,121.8345,122.127,19154160.0
2021-06-24 21:30:00,NASDAQ:GOOGL,122.7,123.055535,122.3,122.5,21365140.0
2021-06-25 21:30:00,NASDAQ:GOOGL,122.0,122.633,121.56525,122.5085,34596380.0
2021-06-28 21:30:00,NASDAQ:GOOGL,122.6785,122.78475,121.405505,122.536,28525420.0
2021-06-29 21:30:00,NASDAQ:GOOGL,122.670355,123.02075,121.69075,122.2725,23108720.0
2021-06-30 21:30:00,NASDAQ:GOOGL,121.9945,122.257,121.3545,122.0895,24473980.0
2021-07-01 21:30:00,NASDAQ:GOOGL,121.725,122.587,121.5315,122.4445,18112820.0
2021-07-02 21:30:00,NASDAQ:GOOGL,123.15,125.404,123.0595,125.2575,26002180.0
2021-07-06 21:30:00,NASDAQ:GOOGL,125.6485,126.428,124.582505,126.19,26403580.0
2021-07-07 21:30:00,NASDAQ:GOOGL,127.162,127.284,126.153,126.474,24059020.0
2021-07-08 21:30:00,NASDAQ:GOOGL,124.026,125.5955,124.022,125.044,23789340.0
2021-07-09 21:30:00,NASDAQ:GOOGL,125.025,125.7345,124.55125,125.5185,18631680.0
2021-07-12 21:30:00,NASDAQ:GOOGL,126.178,127.06944,125.61075,126.9755,17667780.0
2021-07-13 21:30:00,NASDAQ:GOOGL,127.0385,128.0575,126.6745,127.3415,19246940.0
2021-07-14 21:30:00,NASDAQ:GOOGL,127.958,129.32633,127.91446,128.237,23745660.0
2021-07-15 21:30:00,NASDAQ:GOOGL,128.649,128.7,126.53,127.005,24218800.0
2021-07-16 21:30:00,NASDAQ:GOOGL,127.663,127.8115,126.1535,126.97,20424540.0
2021-07-19 21:30:00,NASDAQ:GOOGL,126.0895,126.205,123.505,124.578,27967580.0
2021-07-20 21:30:00,NASDAQ:GOOGL,125.5275,127.04318,124.3505,126.2095,26316440.0
2021-07-21 21:30:00,NASDAQ:GOOGL,126.1335,127.596,126.0235,127.549,20746180.0
2021-07-22 21:30:00,NASDAQ:GOOGL,127.844,128.483,127.498845,128.4215,14301880.0
2021-07-23 21:30:00,NASDAQ:GOOGL,130.4305,133.398995,129.8005,133.015,41506420.0
2021-07-26 21:30:00,NASDAQ:GOOGL,133.32825,134.237,132.3015,134.035,30571480.0
2021-07-27 21:30:00,NASDAQ:GOOGL,134.2505,134.399,130.104,131.9,54709480.00000001
2021-07-28 21:30:00,NASDAQ:GOOGL,136.31195,138.297,135.2775,136.094,95130600.00000001
2021-07-29 21:30:00,NASDAQ:GOOGL,136.15,136.661015,135.543,135.7775,31715720.0
2021-07-30 21:30:00,NASDAQ:GOOGL,135.035,135.3045,134.255,134.7265,25575780.0
2021-08-02 21:30:00,NASDAQ:GOOGL,135.117,135.3365,133.79414,134.8545,21634200.0
2021-08-03 21:30:00,NASDAQ:GOOGL,135.135,135.732,133.3195,135.63,20761880.0
2021-08-04 21:30:00,NASDAQ:GOOGL,135.3495,135.6495,134.487,135.1255,19676020.0
2021-08-05 21:30:00,NASDAQ:GOOGL,135.6805,136.35,134.846,136.2515,17869000.0
2021-08-06 21:30:00,NASDAQ:GOOGL,136.042,136.4725,135.21,135.7385,20488120.0
2021-08-09 21:30:00,NASDAQ:GOOGL,135.9425,137.184,135.33925,136.913,17766000.0
2021-08-10 21:30:00,NASDAQ:GOOGL,137.342,137.772305,136.3645,136.807,19414080.0
2021-08-11 21:30:00,NASDAQ:GOOGL,137.1815,137.68225,136.2715,136.279,15352000.0
2021-08-12 21:30:00,NASDAQ:GOOGL,135.9755,137.3,135.4255,137.194,16518860.0
2021-08-13 21:30:00,NASDAQ:GOOGL,137.25,137.8565,137.033,137.7275,15947440.0
2021-08-16 21:30:00,NASDAQ:GOOGL,137.524895,138.3625,135.29875,138.3095,22398360.0
2021-08-17 21:30:00,NASDAQ:GOOGL,137.75,138.2655,136.082,136.6615,21715200.0
2021-08-18 21:30:00,NASDAQ:GOOGL,136.5,137.10425,135.3215,135.449,19258940.0
2021-08-19 21:30:00,NASDAQ:GOOGL,134.4355,136.3525,134.25,135.68,21782540.0
2021-08-20 21:30:00,NASDAQ:GOOGL,136.0,137.554,135.25,137.4295,31193160.0
2021-08-23 21:30:00,NASDAQ:GOOGL,137.9695,140.8745,137.6075,140.0415,28453400.0
2021-08-24 21:30:00,NASDAQ:GOOGL,140.6115,142.08,140.3385,141.2615,19267220.0
2021-08-25 21:30:00,NASDAQ:GOOGL,141.625,142.189485,141.376,142.079,15851480.0
2021-08-26 21:30:00,NASDAQ:GOOGL,141.75,142.4175,141.357,141.4405,20609320.0
2021-08-27 21:30:00,NASDAQ:GOOGL,141.6525,144.5125,141.497,144.004,28780200.0
2021-08-30 21:30:00,NASDAQ:GOOGL,144.4,145.9705,144.163,144.5905,24434200.0
2021-08-31 21:30:00,NASDAQ:GOOGL,145.147,145.17125,144.281,144.6975,22448760.0
2021-09-01 21:30:00,NASDAQ:GOOGL,145.0,146.25375,144.8835,145.2155,21936100.0
2021-09-02 21:30:00,NASDAQ:GOOGL,145.216,145.51925,143.18475,143.287,32358140.0
2021-09-03 21:30:00,NASDAQ:GOOGL,143.0805,144.155,142.4005,143.7395,19854360.0
2021-09-07 21:30:00,NASDAQ:GOOGL,143.8345,144.565,143.619,144.2805,20131900.0
2021-09-08 21:30:00,NASDAQ:GOOGL,144.1,144.4,143.0,143.691,18350220.0
2021-09-09 21:30:00,NASDAQ:GOOGL,143.8405,144.3105,143.1775,143.541,15317100.0
2021-09-10 21:30:00,NASDAQ:GOOGL,144.2125,144.7185,140.73775,140.876,36839340.0
2021-09-13 21:30:00,NASDAQ:GOOGL,141.9495,142.95,141.25,142.3325,22093840.0
2021-09-14 21:30:00,NASDAQ:GOOGL,142.99525,143.363,141.75,142.5445,19673860.0
2021-09-15 21:30:00,NASDAQ:GOOGL,142.7715,144.4505,141.3475,144.4295,27407580.0
2021-09-16 21:30:00,NASDAQ:GOOGL,143.9505,144.3,142.4015,143.61,26195420.0
2021-09-17 21:30:00,NASDAQ:GOOGL,143.0305,143.45,140.46975,140.8,53384460.00000001
2021-09-20 21:30:00,NASDAQ:GOOGL,138.1615,139.0,136.32175,138.7195,46518040.00000001
2021-09-21 21:30:00,NASDAQ:GOOGL,139.7495,140.0115,138.278,139.033,25331900.0
2021-09-22 21:30:00,NASDAQ:GOOGL,139.304,140.887,138.5515,140.2835,25055560.0
2021-09-23 21:30:00,NASDAQ:GOOGL,140.9875,141.6965,140.4015,141.216,20951000.0
2021-09-24 21:30:00,NASDAQ:GOOGL,140.5385,142.33025,140.241,142.215,22983900.0
2021-09-27 21:30:00,NASDAQ:GOOGL,140.804265,141.938495,140.0675,141.072,21881960.0
2021-09-28 21:30:00,NASDAQ:GOOGL,138.655,139.0965,135.36,135.83,45772200.00000001
2021-09-29 21:30:00,NASDAQ:GOOGL,136.98,137.151,133.865,134.3535,30848700.0
2021-09-30 21:30:00,NASDAQ:GOOGL,134.2615,135.5425,133.556,133.676,38028800.0
2021-10-01 21:30:00,NASDAQ:GOOGL,134.4475,136.9105,134.073,136.543,35360180.0
2021-10-04 21:30:00,NASDAQ:GOOGL,135.9605,135.9605,131.05,133.6595,51201940.00000001
2021-10-05 21:30:00,NASDAQ:GOOGL,134.041,137.2245,134.041,136.023,32403260.0
2021-10-06 21:30:00,NASDAQ:GOOGL,134.75,137.75,134.55,137.565,24364280.0
2021-10-07 21:30:00,NASDAQ:GOOGL,138.892,140.042,138.6512,139.225,25110140.0
2021-10-08 21:30:00,NASDAQ:GOOGL,139.577,140.331035,139.2175,139.7855,26525840.0
2021-10-11 21:30:00,NASDAQ:GOOGL,139.292,140.712,138.859,138.914,17953620.0
2021-10-12 21:30:00,NASDAQ:GOOGL,139.48,139.507,135.76,136.449,36332240.0
2021-10-13 21:30:00,NASDAQ:GOOGL,137.4025,138.0,136.518815,137.582,19662320.0
2021-10-14 21:30:00,NASDAQ:GOOGL,139.473805,141.33725,138.825,141.151,31927940.0
2021-10-15 21:30:00,NASDAQ:GOOGL,141.6145,141.718,140.755,141.368,30274440.0
2021-10-18 21:30:00,NASDAQ:GOOGL,141.0765,142.796,141.06945,142.778,20396160.0
2021-10-19 21:30:00,NASDAQ:GOOGL,143.3875,143.6625,142.6,143.237,20163000.0
2021-10-20 21:30:00,NASDAQ:GOOGL,143.338,143.54609,141.3765,141.769,23288060.0
2021-10-21 21:30:00,NASDAQ:GOOGL,141.769,142.156,140.5,141.886,26292260.0
2021-10-22 21:30:00,NASDAQ:GOOGL,139.15,140.58275,136.056,137.5665,50588960.00000001
2021-10-25 21:30:00,NASDAQ:GOOGL,137.55,138.0,135.424,137.447,34412260.0
2021-10-26 21:30:00,NASDAQ:GOOGL,139.2635,140.08294,138.3045,139.3085,49235020.00000001
2021-10-27 21:30:00,NASDAQ:GOOGL,139.405,148.65,139.405,146.2175,85781400.0
2021-10-28 21:30:00,NASDAQ:GOOGL,147.1345,147.158,144.62675,145.849,36206380.0
2021-10-29 21:30:00,NASDAQ:GOOGL,145.078,148.242,144.6495,148.046,43320300.0
2021-11-01 21:30:00,NASDAQ:GOOGL,148.046,148.046,143.2255,143.497,46923240.00000001
2021-11-02 21:30:00,NASDAQ:GOOGL,144.5795,146.609,144.3355,145.4325,33482240.0
2021-11-03 21:30:00,NASDAQ:GOOGL,145.9005,146.669,144.591,146.598,27493240.0
2021-11-04 21:30:00,NASDAQ:GOOGL,147.1245,149.7335,146.308,148.2675,38411260.0
2021-11-05 21:30:00,NASDAQ:GOOGL,149.1695,150.3275,148.197,148.852,38354740.0
2021-11-08 22:30:00,NASDAQ:GOOGL,149.825,150.61475,148.4305,149.031,23052500.0
2021-11-09 22:30:00,NASDAQ:GOOGL,149.233,149.8345,147.24475,148.9185,19529740.0
2021-11-10 22:30:00,NASDAQ:GOOGL,147.5,148.07,144.5375,145.8935,29969800.0
2021-11-11 22:30:00,NASDAQ:GOOGL,146.4895,147.5355,145.6005,145.7665,16517480.0
2021-11-12 22:30:00,NASDAQ:GOOGL,146.6155,148.85,145.411005,148.678,22360000.0
2021-11-15 22:30:00,NASDAQ:GOOGL,148.9005,149.5495,147.575,148.452,23507040.0
2021-11-16 22:30:00,NASDAQ:GOOGL,148.1495,148.7625,147.3125,147.876,18904000.0
2021-11-17 22:30:00,NASDAQ:GOOGL,148.0275,148.5595,147.24,148.047,19599500.0
2021-11-18 22:30:00,NASDAQ:GOOGL,148.2415,150.5805,147.8845,149.8385,35628220.0
2021-11-19 22:30:00,NASDAQ:GOOGL,149.97544,150.9665,148.899,148.9265,33699380.0
2021-11-22 22:30:00,NASDAQ:GOOGL,149.3325,149.8295,146.1475,146.302,30629200.0
2021-11-23 22:30:00,NASDAQ:GOOGL,146.153,146.66,144.115,145.782,27231160.0
2021-11-24 22:30:00,NASDAQ:GOOGL,145.4735,146.24925,144.373,146.12,18040140.0
2021-11-26 22:30:00,NASDAQ:GOOGL,144.3485,144.5575,141.8425,142.183,30469240.0
2021-11-29 22:30:00,NASDAQ:GOOGL,144.0,146.2975,143.8935,145.5305,32595040.0
2021-11-30 22:30:00,NASDAQ:GOOGL,145.0085,146.0,141.6015,141.8975,42067220.0
2021-12-01 22:30:00,NASDAQ:GOOGL,144.0,145.95025,140.912,141.0515,34055240.0
2021-12-02 22:30:00,NASDAQ:GOOGL,141.25,143.8645,140.2145,142.966,29194840.0
2021-12-03 22:30:00,NASDAQ:GOOGL,143.681,144.4,140.301,142.0015,41230160.0
2021-12-06 22:30:00,NASDAQ:GOOGL,143.0405,143.8525,140.15,143.155,30618100.0
2021-12-07 22:30:00,NASDAQ:GOOGL,145.5965,147.53117,145.2275,147.2695,32240300.0
2021-12-08 22:30:00,NASDAQ:GOOGL,147.5965,148.393,146.406,148.1865,24270320.0
2021-12-09 22:30:00,NASDAQ:GOOGL,147.591,149.1,147.115005,147.6385,23269720.0
2021-12-10 22:30:00,NASDAQ:GOOGL,148.7,148.9775,146.70375,148.0015,24462760.0
2021-12-13 22:30:00,NASDAQ:GOOGL,147.7815,147.97,145.5175,145.8265,27069400.0
2021-12-14 22:30:00,NASDAQ:GOOGL,143.968,144.48,141.21475,143.907,38446240.0
2021-12-15 22:30:00,NASDAQ:GOOGL,143.409,146.721,141.67789,146.441,36370460.0
2021-12-16 22:30:00,NASDAQ:GOOGL,147.1705,147.67675,143.607,144.445,33650380.0
2021-12-17 22:30:00,NASDAQ:GOOGL,142.5,143.8345,141.3,141.725,51017880.00000001
2021-12-20 22:30:00,NASDAQ:GOOGL,140.0,141.7745,139.321,141.607,27192360.0
2021-12-21 22:30:00,NASDAQ:GOOGL,142.0535,143.869,140.5025,143.4725,28755360.0
2021-12-22 22:30:00,NASDAQ:GOOGL,143.0675,146.5,143.0675,146.415,26322380.0
2021-12-23 22:30:00,NASDAQ:GOOGL,146.5,148.2435,146.452,146.9165,26383440.0
2021-12-27 22:30:00,NASDAQ:GOOGL,147.256,148.343995,147.16925,147.9065,15984460.0
2021-12-28 22:30:00,NASDAQ:GOOGL,148.236,148.299005,146.05428,146.687,18254300.0
2021-12-29 22:30:00,NASDAQ:GOOGL,146.644285,147.417,145.6475,146.655,17787460.0
2021-12-30 22:30:00,NASDAQ:GOOGL,146.694,147.3,145.9945,146.2005,15687720.0
2021-12-31 22:30:00,NASDAQ:GOOGL,146.05,146.6985,144.852,144.852,18135180.0
2022-01-03 22:30:00,NASDAQ:GOOGL,145.055,145.851,143.71275,144.9915,28678940.0
2022-01-04 22:30:00,NASDAQ:GOOGL,145.396,146.48489,143.71625,144.3995,28399440.0
2022-01-05 22:30:00,NASDAQ:GOOGL,144.42,144.499375,137.688,137.775,54618280.00000001
2022-01-06 22:30:00,NASDAQ:GOOGL,136.9985,139.94,136.5585,137.7475,37347420.0
2022-01-07 22:30:00,NASDAQ:GOOGL,138.1455,138.4485,135.7665,137.017,29760560.0
2022-01-10 22:30:00,NASDAQ:GOOGL,135.078,138.8195,133.1645,138.6695,44408120.0
2022-01-11 22:30:00,NASDAQ:GOOGL,138.007,140.216,136.69225,139.736,28729700.0
2022-01-12 22:30:00,NASDAQ:GOOGL,141.15,142.60775,140.6945,141.4305,26112040.0
2022-01-13 22:30:00,NASDAQ:GOOGL,141.54,142.85,138.409,138.587,31436600.0
2022-01-14 22:30:00,NASDAQ:GOOGL,137.079,140.742,136.9985,139.4805,29661280.0
2022-01-18 22:30:00,NASDAQ:GOOGL,136.175,137.1315,135.43825,135.998,34888100.0
2022-01-19 22:30:00,NASDAQ:GOOGL,136.5235,137.9595,135.0155,135.1165,28647640.0
2022-01-20 22:30:00,NASDAQ:GOOGL,136.25,137.626,132.964655,133.3075,29907140.0
2022-01-21 22:30:00,NASDAQ:GOOGL,132.5935,134.86553,130.0865,130.3515,55651420.00000001
2022-01-24 22:30:00,NASDAQ:GOOGL,125.978,131.203,124.5,130.804,76694240.0
2022-01-25 22:30:00,NASDAQ:GOOGL,128.74,129.399,126.5005,126.935,46960560.00000001
2022-01-26 22:30:00,NASDAQ:GOOGL,131.119,133.0,127.142,129.233,49129500.00000001
2022-01-27 22:30:00,NASDAQ:GOOGL,131.304,132.65225,128.93229,129.005,32018780.0
2022-01-28 22:30:00,NASDAQ:GOOGL,129.659,133.3565,128.485,133.351,34361480.0
2022-01-31 22:30:00,NASDAQ:GOOGL,134.161995,135.473,132.2095,135.3035,39986000.0
2022-02-01 22:30:00,NASDAQ:GOOGL,137.5945,137.79275,134.3685,137.644,68643640.0
2022-02-02 22:30:00,NASDAQ:GOOGL,151.25,151.546575,145.522505,148.0,123199219.99999999
2022-02-03 22:30:00,NASDAQ:GOOGL,145.7055,149.675,142.665315,143.09,71517220.0
2022-02-04 22:30:00,NASDAQ:GOOGL,143.444635,144.875,140.515,143.293,57998219.99999999
2022-02-07 22:30:00,NASDAQ:GOOGL,144.25,144.25,138.9,139.201,54973300.00000001
2022-02-08 22:30:00,NASDAQ:GOOGL,139.0265,140.0,137.01385,139.399,54283600.00000001
2022-02-09 22:30:00,NASDAQ:GOOGL,140.9635,142.52425,140.18703,141.592,40143880.0
2022-02-10 22:30:00,NASDAQ:GOOGL,139.7035,141.4845,137.957,138.62,39330660.0
2022-02-11 22:30:00,NASDAQ:GOOGL,138.6,139.15625,133.4,134.2825,39958340.0
2022-02-14 22:30:00,NASDAQ:GOOGL,133.2565,136.3,133.2565,135.526,34301080.0
2022-02-15 22:30:00,NASDAQ:GOOGL,137.5705,138.1085,135.8215,136.6085,26711260.0
2022-02-16 22:30:00,NASDAQ:GOOGL,136.6465,138.086,134.92375,137.738,25021300.0
2022-02-17 22:30:00,NASDAQ:GOOGL,136.243,137.113495,132.4785,132.539,38949500.0
2022-02-18 22:30:00,NASDAQ:GOOGL,133.467,134.069995,130.1965,130.403,45619440.00000001
2022-02-22 22:30:00,NASDAQ:GOOGL,129.83809,132.18025,128.22325,129.8135,44990740.00000001
2022-02-23 22:30:00,NASDAQ:GOOGL,131.6485,132.051,127.5275,127.588,32786020.0
2022-02-24 22:30:00,NASDAQ:GOOGL,124.95325,133.0,124.95325,132.691,54455080.00000001
2022-02-25 22:30:00,NASDAQ:GOOGL,133.552,135.2715,131.7515,134.4595,36405980.0
2022-02-28 22:30:00,NASDAQ:GOOGL,133.05,135.7515,132.59225,135.057,38864420.0
2022-03-01 22:30:00,NASDAQ:GOOGL,134.8785,136.2555,133.2185,134.0615,26495360.0
2022-03-02 22:30:00,NASDAQ:GOOGL,134.628,135.2625,133.07154,134.5715,23519800.0
2022-03-03 22:30:00,NASDAQ:GOOGL,136.01,136.439495,133.0255,133.8995,24603240.0
2022-03-04 22:30:00,NASDAQ:GOOGL,132.9275,133.8515,130.3375,131.9065,30450640.0
2022-03-07 22:30:00,NASDAQ:GOOGL,131.488,131.735,126.295,126.3785,45112940.00000001
2022-03-08 22:30:00,NASDAQ:GOOGL,126.25,131.25,125.674685,127.1045,40427100.0
2022-03-09 22:30:00,NASDAQ:GOOGL,131.25,133.7355,129.9005,133.42,37025400.0
2022-03-10 22:30:00,NASDAQ:GOOGL,131.266,133.27175,130.9125,132.4295,27101400.0
2022-03-11 22:30:00,NASDAQ:GOOGL,133.4885,133.7955,129.6315,129.8705,31526440.0
2022-03-14 21:30:00,NASDAQ:GOOGL,130.25,130.409,125.275,125.951,38811260.0
2022-03-15 21:30:00,NASDAQ:GOOGL,126.976,129.8545,125.7205,129.198,30919520.0
2022-03-16 21:30:00,NASDAQ:GOOGL,130.733,133.333,128.7345,133.2805,35576980.0
2022-03-17 21:30:00,NASDAQ:GOOGL,133.149,134.0804,132.185,133.839,28263920.0
2022-03-18 21:30:00,NASDAQ:GOOGL,133.4245,136.244,132.25825,136.1255,44566900.0
2022-03-21 21:30:00,NASDAQ:GOOGL,136.1635,137.05,134.09225,136.1015,26831680.0
2022-03-22 21:30:00,NASDAQ:GOOGL,136.1015,141.05,136.1015,139.868,35495540.0
2022-03-23 21:30:00,NASDAQ:GOOGL,138.7025,139.5885,137.835,138.2755,25153400.0
2022-03-24 21:30:00,NASDAQ:GOOGL,139.2,141.61875,137.7505,141.572,26396560.0
2022-03-25 21:30:00,NASDAQ:GOOGL,141.916,142.035,139.7375,141.673,24143080.0
2022-03-28 21:30:00,NASDAQ:GOOGL,140.9005,142.0025,139.81125,141.4555,35049260.0
2022-03-29 21:30:00,NASDAQ:GOOGL,142.6475,143.7935,142.03825,142.5055,34317020.0
2022-03-30 21:30:00,NASDAQ:GOOGL,142.46,142.720315,141.6,141.9385,19884760.0
2022-03-31 21:30:00,NASDAQ:GOOGL,142.053,142.10775,139.0245,139.0675,37524720.0
2022-04-01 21:30:00,NASDAQ:GOOGL,139.5,140.47075,138.3075,140.1505,25941440.0
2022-04-04 21:30:00,NASDAQ:GOOGL,140.3585,143.712,140.3105,142.9715,25970840.0
2022-04-05 21:30:00,NASDAQ:GOOGL,142.869,142.9905,140.3825,140.591,21418120.0
2022-04-06 21:30:00,NASDAQ:GOOGL,138.75,139.3605,135.517,136.548,32468480.0
2022-04-07 21:30:00,NASDAQ:GOOGL,136.01,137.1645,134.227395,135.8885,26233600.0
2022-04-08 21:30:00,NASDAQ:GOOGL,135.5835,135.67,132.9655,133.2875,25142800.0
2022-04-11 21:30:00,NASDAQ:GOOGL,131.8235,132.0925,128.6685,128.8235,36883060.0
2022-04-12 21:30:00,NASDAQ:GOOGL,131.6,131.6,126.788985,127.7145,32710700.0
2022-04-13 21:30:00,NASDAQ:GOOGL,128.0,130.334,127.74125,129.894,27927240.0
2022-04-14 21:30:00,NASDAQ:GOOGL,130.4795,130.4795,126.601,126.73,31597980.0
2022-04-18 21:30:00,NASDAQ:GOOGL,127.0,128.2125,126.182,127.6765,20808660.0
2022-04-19 21:30:00,NASDAQ:GOOGL,127.6915,130.333,126.9995,130.009,26489760.0
2022-04-20 21:30:00,NASDAQ:GOOGL,130.892,131.399,127.5,128.04,31695460.0
2022-04-21 21:30:00,NASDAQ:GOOGL,129.25,130.0985,124.5265,124.8145,36445160.0
2022-04-22 21:30:00,NASDAQ:GOOGL,125.0,125.402,118.925,119.6355,56883719.99999999
2022-04-25 21:30:00,NASDAQ:GOOGL,119.101,123.2775,118.511,123.074,46128260.00000001
2022-04-26 21:30:00,NASDAQ:GOOGL,122.2945,122.51,118.511,118.65,73054880.0
2022-04-27 21:30:00,NASDAQ:GOOGL,114.46925,117.242,112.736505,114.2945,91820580.00000001
2022-04-28 21:30:00,NASDAQ:GOOGL,116.415,119.6495,114.115,118.5225,48884640.00000001
2022-04-29 21:30:00,NASDAQ:GOOGL,116.7345,117.91975,113.8145,114.1095,42676000.0
2022-05-02 21:30:00,NASDAQ:GOOGL,113.405,116.7455,112.6,116.583,35533020.0
2022-05-03 21:30:00,NASDAQ:GOOGL,116.4305,118.441815,116.0345,117.334,24967360.0
2022-05-04 21:30:00,NASDAQ:GOOGL,117.0315,122.8545,115.116,122.261,49915280.00000001
2022-05-05 21:30:00,NASDAQ:GOOGL,120.204,121.039,115.00575,116.5055,45840580.00000001
2022-05-06 21:30:00,NASDAQ:GOOGL,115.1845,117.5715,114.0155,115.7465,39709580.0
2022-05-09 21:30:00,NASDAQ:GOOGL,113.25,115.07709,112.000505,112.511,40802860.0
2022-05-10 21:30:00,NASDAQ:GOOGL,115.5075,116.25,112.9005,114.395,39900380.0
2022-05-11 21:30:00,NASDAQ:GOOGL,113.2365,116.36441,113.2365,113.6025,37534740.0
2022-05-12 21:30:00,NASDAQ:GOOGL,111.3775,114.295,109.8245,112.844,53836180.00000001
2022-05-13 21:30:00,NASDAQ:GOOGL,114.533,117.875,113.605005,116.0505,35038480.0
2022-05-16 21:30:00,NASDAQ:GOOGL,114.9555,116.17,113.8895,114.445,25990440.0
2022-05-17 21:30:00,NASDAQ:GOOGL,116.8405,116.9,114.86975,116.473,23053160.0
2022-05-18 21:30:00,NASDAQ:GOOGL,115.0,115.4,111.5555,111.8995,35125980.0
2022-05-19 21:30:00,NASDAQ:GOOGL,111.4315,113.01,110.0,110.384,34144400.0
2022-05-20 21:30:00,NASDAQ:GOOGL,111.951,112.1835,105.79636,108.908,48962960.00000001
2022-05-23 21:30:00,NASDAQ:GOOGL,109.5875,112.1475,108.741,111.488,37184940.0
2022-05-24 21:30:00,NASDAQ:GOOGL,105.772,106.45825,101.88468,105.97,76779780.0
2022-05-25 21:30:00,NASDAQ:GOOGL,104.9855,106.5,103.8565,105.805,40257340.0
2022-05-26 21:30:00,NASDAQ:GOOGL,105.677,108.6495,105.224855,107.7925,37947220.0
2022-05-27 21:30:00,NASDAQ:GOOGL,109.483,112.318,109.13825,112.3165,37914120.0
2022-05-31 21:30:00,NASDAQ:GOOGL,112.7465,115.735,112.0785,113.762,50012260.00000001
2022-06-01 21:30:00,NASDAQ:GOOGL,114.855,117.101555,113.25,113.892,36605520.0
2022-06-02 21:30:00,NASDAQ:GOOGL,114.0,117.8995,112.9465,117.6225,37992280.0
2022-06-03 21:30:00,NASDAQ:GOOGL,116.0625,116.321625,113.5185,114.541,26135460.0
2022-06-06 21:30:00,NASDAQ:GOOGL,116.7045,119.347,116.164,116.8205,33541540.0
2022-06-07 21:30:00,NASDAQ:GOOGL,115.4805,117.691,115.052,117.1495,31590460.0
2022-06-08 21:30:00,NASDAQ:GOOGL,116.7615,118.5705,116.6,117.194,26107740.0
2022-06-09 21:30:00,NASDAQ:GOOGL,116.3275,118.298995,114.776,114.8355,25797960.0
2022-06-10 21:30:00,NASDAQ:GOOGL,112.445,113.279,110.36612,111.1615,41481840.0
2022-06-13 21:30:00,NASDAQ:GOOGL,106.7865,108.7915,106.11918,106.3925,47251920.00000001
2022-06-14 21:30:00,NASDAQ:GOOGL,106.535,107.9245,105.8,106.7155,33706260.0
2022-06-15 21:30:00,NASDAQ:GOOGL,108.545,111.4235,107.6695,109.7645,39698180.0
2022-06-16 21:30:00,NASDAQ:GOOGL,107.221,108.6485,105.138005,106.0335,51684960.00000001
2022-06-17 21:30:00,NASDAQ:GOOGL,106.0335,108.699495,105.046,107.1435,51376520.00000001
2022-06-21 21:30:00,NASDAQ:GOOGL,108.9295,112.48925,108.6,111.544,47415800.00000001
2022-06-22 21:30:00,NASDAQ:GOOGL,110.5565,113.3465,110.382375,111.4875,30774140.0
2022-06-23 21:30:00,NASDAQ:GOOGL,112.2315,112.7425,110.5005,112.242,28361920.0
2022-06-24 21:30:00,NASDAQ:GOOGL,112.995,118.079,112.9525,117.975,41163680.0
2022-06-27 21:30:00,NASDAQ:GOOGL,118.273,118.5795,115.179685,115.8335,36420760.0
2022-06-28 21:30:00,NASDAQ:GOOGL,115.8025,117.3095,111.848,112.0075,35880960.0
2022-06-29 21:30:00,NASDAQ:GOOGL,111.552,113.16025,110.872505,111.7015,24716820.0
2022-06-30 21:30:00,NASDAQ:GOOGL,110.0,110.888,106.75,108.963,43169060.0
2022-07-01 21:30:00,NASDAQ:GOOGL,107.933,109.25,106.7305,108.7375,35475660.0
2022-07-05 21:30:00,NASDAQ:GOOGL,107.1005,113.37675,105.7315,113.263,39399640.0
2022-07-06 21:30:00,NASDAQ:GOOGL,113.302,115.5895,111.476,114.572,37431380.0
2022-07-07 21:30:00,NASDAQ:GOOGL,115.08,119.1895,114.8335,118.783,40935880.0
2022-07-08 21:30:00,NASDAQ:GOOGL,117.25,119.685,116.90125,119.3535,38238160.0
2022-07-11 21:30:00,NASDAQ:GOOGL,117.998,117.998,115.3305,115.6765,31243700.0
2022-07-12 21:30:00,NASDAQ:GOOGL,116.215,116.974,113.69022,114.0205,29959700.0
2022-07-13 21:30:00,NASDAQ:GOOGL,111.701,114.196,111.2015,111.3535,43722020.0
2022-07-14 21:30:00,NASDAQ:GOOGL,110.2105,111.093,108.373,110.3675,37003040.0
2022-07-15 21:30:00,NASDAQ:GOOGL,112.0005,113.1405,110.9,111.7775,46769120.00000001
2022-07-18 21:30:00,NASDAQ:GOOGL,112.64,113.68,108.37,109.03,43164588.0
2022-07-19 21:30:00,NASDAQ:GOOGL,110.85,114.02,109.56,113.81,36530945.0
2022-07-20 21:30:00,NASDAQ:GOOGL,113.17,115.4,112.48,113.9,35600426.0
2022-07-21 21:30:00,NASDAQ:GOOGL,114.28,114.55,111.1132,114.34,32676166.0
2022-07-22 21:30:00,NASDAQ:GOOGL,111.0,112.34,106.5,107.9,48901184.0
2022-07-25 21:30:00,NASDAQ:GOOGL,108.41,109.87,106.3,107.51,34690894.0
2022-07-26 21:30:00,NASDAQ:GOOGL,106.6,107.2,104.07,105.02,47990963.0
2022-07-27 21:30:00,NASDAQ:GOOGL,109.26,113.91,108.01,113.06,59858495.0
2022-07-28 21:30:00,NASDAQ:GOOGL,112.37,114.34,111.46,114.22,32816568.0
2022-07-29 21:30:00,NASDAQ:GOOGL,113.08,116.705,113.06,116.32,37223391.0
2022-08-01 21:30:00,NASDAQ:GOOGL,115.3,116.72,114.34,114.86,26034288.0
2022-08-02 21:30:00,NASDAQ:GOOGL,114.0,116.35,113.72,115.13,20236029.0
2022-08-03 21:30:00,NASDAQ:GOOGL,115.71,118.62,115.48,118.08,28499014.0
2022-08-04 21:30:00,NASDAQ:GOOGL,117.48,118.78,116.89,118.19,21602925.0
2022-08-05 21:30:00,NASDAQ:GOOGL,116.23,118.1056,116.0,117.47,19159520.0
2022-08-08 21:30:00,NASDAQ:GOOGL,118.39,120.15,116.88,117.3,19169479.0
2022-08-09 21:30:00,NASDAQ:GOOGL,117.135,117.32,115.71,116.63,19086465.0
2022-08-10 21:30:00,NASDAQ:GOOGL,118.78,120.92,118.41,119.7,30930350.0
2022-08-11 21:30:00,NASDAQ:GOOGL,121.28,121.49,118.56,118.84,24293654.0
2022-08-12 21:30:00,NASDAQ:GOOGL,120.26,121.68,119.46,121.68,19096268.0
2022-08-15 21:30:00,NASDAQ:GOOGL,121.13,122.3,120.61,122.08,19494825.0
2022-08-16 21:30:00,NASDAQ:GOOGL,121.52,122.43,120.64,121.7,19041230.0
2022-08-17 21:30:00,NASDAQ:GOOGL,120.12,121.29,119.38,119.55,22846958.0
2022-08-18 21:30:00,NASDAQ:GOOGL,119.43,120.82,118.72,120.17,17987660.0
2022-08-19 21:30:00,NASDAQ:GOOGL,119.06,119.15,116.76,117.21,21809528.0
2022-08-22 21:30:00,NASDAQ:GOOGL,115.2,115.63,113.85,114.24,21456648.0
2022-08-23 21:30:00,NASDAQ:GOOGL,113.475,115.01,113.43,113.86,15870373.0
2022-08-24 21:30:00,NASDAQ:GOOGL,113.5,114.78,112.8701,113.69,17734624.0
2022-08-25 21:30:00,NASDAQ:GOOGL,114.235,116.72,114.11,116.65,16956794.0
2022-08-26 21:30:00,NASDAQ:GOOGL,114.72,115.12,110.19,110.34,37245697.0
2022-08-29 21:30:00,NASDAQ:GOOGL,109.99,110.95,108.8,109.42,21191157.0
2022-08-30 21:30:00,NASDAQ:GOOGL,110.17,110.5,107.8,108.94,27513255.0
2022-08-31 21:30:00,NASDAQ:GOOGL,110.65,110.85,108.13,108.22,28626972.0
2022-09-01 21:30:00,NASDAQ:GOOGL,108.28,110.445,107.36,109.74,28360926.0
2022-09-02 21:30:00,NASDAQ:GOOGL,110.59,110.74,107.26,107.85,24160711.0
2022-09-06 21:30:00,NASDAQ:GOOGL,107.3,108.03,105.78,106.81,25068280.0
2022-09-07 21:30:00,NASDAQ:GOOGL,107.06,109.98,106.9,109.45,23166967.0
2022-09-08 21:30:00,NASDAQ:GOOGL,108.04,109.6,107.16,108.38,24238293.0
2022-09-09 21:30:00,NASDAQ:GOOGL,109.065,110.99,109.02,110.65,23213585.0
2022-09-12 21:30:00,NASDAQ:GOOGL,110.99,111.62,109.93,110.86,22966752.0
2022-09-13 21:30:00,NASDAQ:GOOGL,107.8,108.3,104.09,104.32,38172871.0
2022-09-14 21:30:00,NASDAQ:GOOGL,104.57,105.275,103.66,105.0,26395134.0
2022-09-15 21:30:00,NASDAQ:GOOGL,104.03,105.27,102.35,102.91,34188284.0
2022-09-16 21:30:00,NASDAQ:GOOGL,102.07,103.13,100.94,102.8,42797172.0
2022-09-19 21:30:00,NASDAQ:GOOGL,101.75,103.33,101.55,103.07,23036811.0
2022-09-20 21:30:00,NASDAQ:GOOGL,102.08,102.37,100.52,101.14,26517123.0
2022-09-21 21:30:00,NASDAQ:GOOGL,101.67,102.88,99.27,99.28,31487265.0
2022-09-22 21:30:00,NASDAQ:GOOGL,98.82,101.24,98.79,100.14,34298619.0
2022-09-23 21:30:00,NASDAQ:GOOGL,99.63,99.66,97.47,98.74,31625437.0
2022-09-26 21:30:00,NASDAQ:GOOGL,98.1,99.88,97.8,98.17,27072662.0
2022-09-27 21:30:00,NASDAQ:GOOGL,99.43,100.0,96.872,97.5,30072781.0
2022-09-28 21:30:00,NASDAQ:GOOGL,97.65,100.7,97.11,100.05,32466323.0
2022-09-29 21:30:00,NASDAQ:GOOGL,98.64,98.64,95.96,97.42,31047224.0
2022-09-30 21:30:00,NASDAQ:GOOGL,97.05,98.9,95.56,95.65,32941493.0
2022-10-03 21:30:00,NASDAQ:GOOGL,96.76,99.2872,96.521,98.64,27982031.0
2022-10-04 21:30:00,NASDAQ:GOOGL,100.44,101.84,100.38,101.64,28850773.0
2022-10-05 21:30:00,NASDAQ:GOOGL,99.825,101.93,98.8,101.43,22176903.0
2022-10-06 21:30:00,NASDAQ:GOOGL,100.68,102.9254,100.59,101.42,22323989.0
2022-10-07 21:30:00,NASDAQ:GOOGL,99.85,100.53,98.295,98.68,27502765.0
2022-10-10 21:30:00,NASDAQ:GOOGL,99.0,99.095,97.01,97.86,18225094.0
2022-10-11 21:30:00,NASDAQ:GOOGL,97.43,99.245,96.31,97.18,26507103.0
2022-10-12 21:30:00,NASDAQ:GOOGL,97.3,98.75,96.735,97.56,21876362.0
2022-10-13 21:30:00,NASDAQ:GOOGL,95.15,99.775,94.3836,99.06,34574549.0
2022-10-14 21:30:00,NASDAQ:GOOGL,99.99,100.69,96.37,96.56,25410674.0
2022-10-17 21:30:00,NASDAQ:GOOGL,98.86,100.93,98.83,99.97,28419192.0
2022-10-18 21:30:00,NASDAQ:GOOGL,103.13,103.47,99.97,100.77,24060671.0
2022-10-19 21:30:00,NASDAQ:GOOGL,100.01,101.0183,98.9201,99.63,23811064.0
2022-10-20 21:30:00,NASDAQ:GOOGL,100.0,102.32,99.39,99.97,25323202.0
2022-10-21 21:30:00,NASDAQ:GOOGL,97.845,101.31,97.72,101.13,32458722.0
2022-10-24 21:30:00,NASDAQ:GOOGL,101.8,102.75,99.98,102.52,27176417.0
2022-10-25 21:30:00,NASDAQ:GOOGL,102.9,104.82,102.72,104.48,40611375.0
2022-10-26 21:30:00,NASDAQ:GOOGL,96.43,98.31,94.69,94.93,88279042.0
2022-10-27 21:30:00,NASDAQ:GOOGL,94.52,95.43,91.8,92.22,60710859.0
2022-10-28 21:30:00,NASDAQ:GOOGL,92.27,96.55,92.13,96.29,43697286.0
2022-10-31 21:30:00,NASDAQ:GOOGL,95.42,96.03,93.98,94.51,31675036.0
2022-11-01 21:30:00,NASDAQ:GOOGL,95.45,96.03,90.37,90.47,47161351.0
2022-11-02 21:30:00,NASDAQ:GOOGL,90.94,91.18,86.88,86.97,57038282.0
2022-11-03 21:30:00,NASDAQ:GOOGL,86.32,86.52,83.34,83.43,61288019.0
2022-11-04 21:30:00,NASDAQ:GOOGL,85.4,86.64,83.71,86.58,51124904.0
2022-11-07 22:30:00,NASDAQ:GOOGL,87.28,88.9,86.85,88.49,34078912.0
2022-11-08 22:30:00,NASDAQ:GOOGL,88.9,90.32,87.5901,88.9,30429025.0
2022-11-09 22:30:00,NASDAQ:GOOGL,88.45,89.435,87.28,87.32,31769099.0
2022-11-10 22:30:00,NASDAQ:GOOGL,92.25,94.39,91.61,93.94,51620136.0
2022-11-11 22:30:00,NASDAQ:GOOGL,94.69,96.93,93.92,96.41,33090482.0
2022-11-14 22:30:00,NASDAQ:GOOGL,95.09,96.79,94.51,95.7,30179539.0
2022-11-15 22:30:00,NASDAQ:GOOGL,98.26,100.14,96.71,98.44,41640816.0
2022-11-16 22:30:00,NASDAQ:GOOGL,97.9,99.6375,97.64,98.85,29105154.0
2022-11-17 22:30:00,NASDAQ:GOOGL,96.97,99.28,96.79,98.36,26052599.0
2022-11-18 22:30:00,NASDAQ:GOOGL,98.77,98.9,96.37,97.43,28342297.0
2022-11-21 22:30:00,NASDAQ:GOOGL,97.29,98.4,95.355,95.6,21647387.0
2022-11-22 22:30:00,NASDAQ:GOOGL,95.95,97.22,94.05,97.05,23438480.0
2022-11-23 22:30:00,NASDAQ:GOOGL,97.09,98.76,97.09,98.46,18868092.0
2022-11-25 22:30:00,NASDAQ:GOOGL,98.24,98.64,97.4,97.46,9701441.0
2022-11-28 22:30:00,NASDAQ:GOOGL,97.0363,97.58,95.61,96.05,26252433.0
2022-11-29 22:30:00,NASDAQ:GOOGL,95.73,96.12,94.11,95.19,20061720.0
2022-11-30 22:30:00,NASDAQ:GOOGL,94.82,101.04,94.42,100.99,43647481.0
2022-12-01 22:30:00,NASDAQ:GOOGL,101.02,102.25,100.25,100.99,28687096.0
2022-12-02 22:30:00,NASDAQ:GOOGL,99.05,100.77,98.9,100.44,21480703.0
2022-12-05 22:30:00,NASDAQ:GOOGL,99.4,101.38,99.0,99.48,24405087.0
2022-12-06 22:30:00,NASDAQ:GOOGL,99.3,99.78,96.42,96.98,24910655.0
2022-12-07 22:30:00,NASDAQ:GOOGL,96.41,96.8811,94.715,94.94,31045449.0
2022-12-08 22:30:00,NASDAQ:GOOGL,95.38,95.58,93.45,93.71,32213288.0
2022-12-09 22:30:00,NASDAQ:GOOGL,93.77,94.26,92.75,92.83,28225448.0
2022-12-12 22:30:00,NASDAQ:GOOGL,92.71,93.56,91.61,93.31,29009013.0
2022-12-13 22:30:00,NASDAQ:GOOGL,97.76,99.53,95.03,95.63,40593656.0
2022-12-14 22:30:00,NASDAQ:GOOGL,95.2,96.87,93.6,95.07,28733599.0
2022-12-15 22:30:00,NASDAQ:GOOGL,93.13,93.64,90.01,90.86,40107033.0
2022-12-16 22:30:00,NASDAQ:GOOGL,90.76,91.33,89.52,90.26,58011847.0
2022-12-19 22:30:00,NASDAQ:GOOGL,90.255,90.56,88.21,88.44,29493030.0
2022-12-20 22:30:00,NASDAQ:GOOGL,88.11,89.175,87.4401,89.02,23453836.0
2022-12-21 22:30:00,NASDAQ:GOOGL,89.08,90.22,88.32,89.58,24745637.0
2022-12-22 22:30:00,NASDAQ:GOOGL,88.16,88.54,86.32,87.76,27658293.0
2022-12-23 22:30:00,NASDAQ:GOOGL,87.11,89.545,87.07,89.23,23003035.0
2022-12-27 22:30:00,NASDAQ:GOOGL,88.795,88.94,87.01,87.39,20097346.0
2022-12-28 22:30:00,NASDAQ:GOOGL,86.98,88.04,85.94,86.02,19523176.0
2022-12-29 22:30:00,NASDAQ:GOOGL,86.62,88.845,86.61,88.45,23333537.0
2022-12-30 22:30:00,NASDAQ:GOOGL,86.98,88.3,86.57,88.23,23986297.0
2023-01-03 22:30:00,NASDAQ:GOOGL,89.585,91.05,88.52,89.12,28131224.0
2023-01-04 22:30:00,NASDAQ:GOOGL,90.35,90.65,87.271,88.08,34854776.0
2023-01-05 22:30:00,NASDAQ:GOOGL,87.47,87.57,85.9,86.2,27194375.0
2023-01-06 22:30:00,NASDAQ:GOOGL,86.79,87.69,84.86,87.34,41381495.0
2023-01-09 22:30:00,NASDAQ:GOOGL,88.36,90.05,87.86,88.02,29003901.0
2023-01-10 22:30:00,NASDAQ:GOOGL,85.98,88.67,85.83,88.42,30467755.0
2023-01-11 22:30:00,NASDAQ:GOOGL,89.18,91.6,89.01,91.52,26861969.0
2023-01-12 22:30:00,NASDAQ:GOOGL,91.48,91.87,89.75,91.13,30258135.0
2023-01-13 22:30:00,NASDAQ:GOOGL,90.85,92.19,90.1299,92.12,26329212.0
2023-01-17 22:30:00,NASDAQ:GOOGL,92.06,92.25,90.05,91.29,32602423.0
2023-01-18 22:30:00,NASDAQ:GOOGL,92.14,92.7999,90.64,91.12,29116691.0
2023-01-19 22:30:00,NASDAQ:GOOGL,90.72,93.605,90.63,93.05,37000395.0
2023-01-20 22:30:00,NASDAQ:GOOGL,95.1,98.3,95.02,98.02,63191078.0
2023-01-23 22:30:00,NASDAQ:GOOGL,97.95,100.04,97.5,99.79,40005055.0
2023-01-24 22:30:00,NASDAQ:GOOGL,98.1,99.61,97.2,97.7,33078512.0
2023-01-25 22:30:00,NASDAQ:GOOGL,95.57,96.162,93.76,95.22,42329952.0
2023-01-26 22:30:00,NASDAQ:GOOGL,96.5,97.57,95.38,97.52,30113974.0
2023-01-27 22:30:00,NASDAQ:GOOGL,97.31,100.32,97.31,99.37,33879753.0
2023-01-30 22:30:00,NASDAQ:GOOGL,97.48,98.29,96.395,96.94,27226198.0
2023-01-31 22:30:00,NASDAQ:GOOGL,96.87,98.88,96.82,98.84,29870669.0
2023-02-01 22:30:00,NASDAQ:GOOGL,98.71,101.19,97.58,100.43,35531104.0
2023-02-02 22:30:00,NASDAQ:GOOGL,105.8,107.85,105.61,107.74,69883762.0
2023-02-03 22:30:00,NASDAQ:GOOGL,102.93,107.81,102.58,104.78,65309261.0
2023-02-06 22:30:00,NASDAQ:GOOGL,102.4,104.36,101.88,102.9,31999562.0
2023-02-07 22:30:00,NASDAQ:GOOGL,103.22,108.18,103.12,107.64,49010230.0
2023-02-08 22:30:00,NASDAQ:GOOGL,102.05,103.14,98.035,99.37,94743515.0
2023-02-09 22:30:00,NASDAQ:GOOGL,100.0,100.03,93.63,95.01,119455020.0
2023-02-10 22:30:00,NASDAQ:GOOGL,95.45,96.75,94.25,94.57,54980696.0
2023-02-13 22:30:00,NASDAQ:GOOGL,94.74,95.2,93.84,94.61,50076120.0
2023-02-14 22:30:00,NASDAQ:GOOGL,94.43,94.845,92.26,94.68,54726120.0
2023-02-15 22:30:00,NASDAQ:GOOGL,94.49,97.12,94.15,96.94,50298481.0
2023-02-16 22:30:00,NASDAQ:GOOGL,95.37,97.68,94.74,95.51,42462618.0
2023-02-17 22:30:00,NASDAQ:GOOGL,94.85,95.5599,93.21,94.35,34284118.0
2023-02-21 22:30:00,NASDAQ:GOOGL,93.0,93.1,91.72,91.79,33629256.0
2023-02-22 22:30:00,NASDAQ:GOOGL,91.7,92.11,90.61,91.65,30884017.0
2023-02-23 22:30:00,NASDAQ:GOOGL,91.92,91.94,89.76,90.89,41206380.0
2023-02-24 22:30:00,NASDAQ:GOOGL,89.44,89.89,88.575,89.13,36585093.0
2023-02-27 22:30:00,NASDAQ:GOOGL,89.87,90.16,89.335,89.87,27502302.0
2023-02-28 22:30:00,NASDAQ:GOOGL,89.33,91.23,89.32,90.06,30142039.0
2023-03-01 22:30:00,NASDAQ:GOOGL,89.98,91.03,89.67,90.36,31111225.0
2023-03-02 22:30:00,NASDAQ:GOOGL,89.66,92.275,89.59,92.0,32226229.0
2023-03-03 22:30:00,NASDAQ:GOOGL,92.48,93.73,92.45,93.65,35160105.0
2023-03-06 22:30:00,NASDAQ:GOOGL,94.015,95.97,94.0,95.13,32639313.0
2023-03-07 22:30:00,NASDAQ:GOOGL,94.98,95.67,93.53,93.86,27835476.0
2023-03-08 22:30:00,NASDAQ:GOOGL,94.12,95.955,94.0,94.25,34103265.0
2023-03-09 22:30:00,NASDAQ:GOOGL,94.05,95.53,91.9,92.32,28813532.0
2023-03-10 22:30:00,NASDAQ:GOOGL,92.17,92.79,90.395,90.63,35941046.0
2023-03-13 21:30:00,NASDAQ:GOOGL,90.09,92.57,89.42,91.11,37335573.0
2023-03-14 21:30:00,NASDAQ:GOOGL,92.56,94.36,92.44,93.97,36050214.0
2023-03-15 21:30:00,NASDAQ:GOOGL,93.22,96.93,92.64,96.11,50622050.0
2023-03-16 21:30:00,NASDAQ:GOOGL,96.2,101.19,95.5,100.32,65567656.0
2023-03-17 21:30:00,NASDAQ:GOOGL,100.26,102.835,100.1,101.62,61028547.0
2023-03-20 21:30:00,NASDAQ:GOOGL,100.12,101.75,99.87,101.22,32960440.0
2023-03-21 21:30:00,NASDAQ:GOOGL,101.25,105.1,101.22,104.92,42110279.0
2023-03-22 21:30:00,NASDAQ:GOOGL,104.27,106.59,103.33,103.37,43427419.0
2023-03-23 21:30:00,NASDAQ:GOOGL,105.06,106.3,104.46,105.6,40797769.0
2023-03-24 21:30:00,NASDAQ:GOOGL,104.99,105.49,103.84,105.44,30411043.0
2023-03-27 21:30:00,NASDAQ:GOOGL,104.615,104.76,101.9273,102.46,31120864.0
2023-03-28 21:30:00,NASDAQ:GOOGL,102.44,102.45,99.74,101.03,32057865.0
2023-03-29 21:30:00,NASDAQ:GOOGL,102.28,102.49,100.65,101.39,28779572.0
2023-03-30 21:30:00,NASDAQ:GOOGL,100.91,101.155,99.78,100.89,33086183.0
2023-03-31 21:30:00,NASDAQ:GOOGL,101.3,103.89,101.04,103.73,36863369.0
2023-04-03 21:30:00,NASDAQ:GOOGL,102.39,104.53,101.93,104.36,25035399.0
2023-04-04 21:30:00,NASDAQ:GOOGL,104.33,105.58,104.04,104.72,24420079.0
2023-04-05 21:30:00,NASDAQ:GOOGL,105.78,106.1,103.66,104.47,28290503.0
2023-04-06 21:30:00,NASDAQ:GOOGL,105.26,109.17,104.33,108.42,48711480.0
2023-04-10 21:30:00,NASDAQ:GOOGL,106.98,107.59,105.12,106.44,27067355.0
2023-04-11 21:30:00,NASDAQ:GOOGL,106.55,106.73,104.68,105.35,26311803.0
2023-04-12 21:30:00,NASDAQ:GOOGL,106.58,106.75,104.34,104.64,24370274.0
2023-04-13 21:30:00,NASDAQ:GOOGL,105.84,107.49,105.84,107.43,24843579.0
2023-04-14 21:30:00,NASDAQ:GOOGL,106.89,108.94,106.84,108.87,26578002.0
2023-04-17 21:30:00,NASDAQ:GOOGL,104.658,106.16,104.52,105.97,37571218.0
2023-04-18 21:30:00,NASDAQ:GOOGL,106.49,106.54,104.07,104.5,26596445.0
2023-04-19 21:30:00,NASDAQ:GOOGL,103.58,104.98,103.07,104.18,20905684.0
2023-04-20 21:30:00,NASDAQ:GOOGL,103.91,106.25,103.8684,105.29,27820794.0
2023-04-21 21:30:00,NASDAQ:GOOGL,105.47,106.0,104.78,105.41,25800082.0
2023-04-24 21:30:00,NASDAQ:GOOGL,105.49,106.63,104.7,105.97,23542829.0
2023-04-25 21:30:00,NASDAQ:GOOGL,105.825,106.69,103.84,103.85,46664104.0
2023-04-26 21:30:00,NASDAQ:GOOGL,104.92,106.35,102.63,103.71,53347560.0
2023-04-27 21:30:00,NASDAQ:GOOGL,104.45,108.37,103.54,107.59,50089187.0
2023-04-28 21:30:00,NASDAQ:GOOGL,107.04,107.35,105.09,107.34,36139847.0
2023-05-01 21:30:00,NASDAQ:GOOGL,106.84,107.99,106.82,107.2,26681680.0
2023-05-02 21:30:00,NASDAQ:GOOGL,107.14,107.2,103.71,105.32,30997245.0
2023-05-03 21:30:00,NASDAQ:GOOGL,105.53,107.49,104.96,105.41,21795405.0
2023-05-04 21:30:00,NASDAQ:GOOGL,105.485,105.6,103.97,104.69,23419506.0
2023-05-05 21:30:00,NASDAQ:GOOGL,104.82,105.88,104.11,105.57,26639254.0
2023-05-08 21:30:00,NASDAQ:GOOGL,105.18,107.96,105.16,107.77,26511445.0
2023-05-09 21:30:00,NASDAQ:GOOGL,108.39,110.15,107.19,107.35,36360141.0
2023-05-10 21:30:00,NASDAQ:GOOGL,107.97,112.94,107.93,111.75,63153367.0
2023-05-11 21:30:00,NASDAQ:GOOGL,115.395,117.92,114.41,116.57,78900029.0
2023-05-12 21:30:00,NASDAQ:GOOGL,116.68,118.03,116.11,117.51,41102330.0
2023-05-15 21:30:00,NASDAQ:GOOGL,116.11,118.48,116.01,116.51,36266765.0
2023-05-16 21:30:00,NASDAQ:GOOGL,116.49,120.75,116.43,119.51,45035558.0
2023-05-17 21:30:00,NASDAQ:GOOGL,119.61,121.67,118.89,120.84,33323588.0
2023-05-18 21:30:00,NASDAQ:GOOGL,120.95,123.31,120.83,122.83,35234233.0
2023-05-19 21:30:00,NASDAQ:GOOGL,123.55,125.97,122.15,122.76,41353445.0
2023-05-22 21:30:00,NASDAQ:GOOGL,122.94,126.43,122.74,125.05,35253034.0
2023-05-23 21:30:00,NASDAQ:GOOGL,124.16,124.625,122.2104,122.56,34046251.0
2023-05-24 21:30:00,NASDAQ:GOOGL,121.12,121.91,119.86,120.9,34182635.0
2023-05-25 21:30:00,NASDAQ:GOOGL,124.52,125.32,121.96,123.48,42316986.0
2023-05-26 21:30:00,NASDAQ:GOOGL,123.17,125.26,122.45,124.61,35635937.0
2023-05-30 21:30:00,NASDAQ:GOOGL,125.64,125.66,122.0,123.67,35076658.0
2023-05-31 21:30:00,NASDAQ:GOOGL,122.75,124.0601,122.5,122.87,37325787.0
2023-06-01 21:30:00,NASDAQ:GOOGL,122.815,124.42,122.62,123.72,30772683.0
2023-06-02 21:30:00,NASDAQ:GOOGL,123.99,126.15,123.76,124.67,26980147.0
2023-06-05 21:30:00,NASDAQ:GOOGL,124.01,127.43,123.84,126.01,32305531.0
2023-06-06 21:30:00,NASDAQ:GOOGL,126.01,128.29,125.36,127.31,26638295.0
2023-06-07 21:30:00,NASDAQ:GOOGL,126.97,129.04,122.12,122.5,52538986.0
2023-06-08 21:30:00,NASDAQ:GOOGL,122.225,123.225,121.24,122.14,29389167.0
2023-06-09 21:30:00,NASDAQ:GOOGL,122.25,123.755,121.91,122.23,23778319.0
2023-06-12 21:30:00,NASDAQ:GOOGL,122.785,124.05,121.66,123.64,28338743.0
2023-06-13 21:30:00,NASDAQ:GOOGL,124.98,125.16,123.18,123.83,22278313.0
2023-06-14 21:30:00,NASDAQ:GOOGL,123.1,124.05,121.45,123.67,30592297.0
2023-06-15 21:30:00,NASDAQ:GOOGL,123.14,125.46,122.4,125.09,35246268.0
2023-06-16 21:30:00,NASDAQ:GOOGL,125.93,126.108,123.28,123.53,45535553.0
2023-06-20 21:30:00,NASDAQ:GOOGL,122.93,124.57,122.14,123.1,26097492.0
2023-06-21 21:30:00,NASDAQ:GOOGL,122.4,122.66,120.1,120.55,30306336.0
2023-06-22 21:30:00,NASDAQ:GOOGL,120.0,123.24,118.83,123.15,26952246.0
2023-06-23 21:30:00,NASDAQ:GOOGL,121.38,122.7879,121.06,122.34,34913637.0
2023-06-26 21:30:00,NASDAQ:GOOGL,120.76,122.0,118.265,118.34,33969897.0
2023-06-27 21:30:00,NASDAQ:GOOGL,117.08,119.08,116.1,118.33,39535936.0
2023-06-28 21:30:00,NASDAQ:GOOGL,117.09,120.39,116.85,120.18,27091449.0
2023-06-29 21:30:00,NASDAQ:GOOGL,119.24,120.06,118.295,119.1,24090902.0
2023-06-30 21:30:00,NASDAQ:GOOGL,120.17,121.08,119.69,119.7,29532241.0
2023-07-03 21:30:00,NASDAQ:GOOGL,119.24,120.19,118.8182,119.9,14467850.0
2023-07-05 21:30:00,NASDAQ:GOOGL,119.24,122.61,119.23,121.75,27584809.0
2023-07-06 21:30:00,NASDAQ:GOOGL,119.795,120.3,118.4,120.11,24778801.0
2023-07-07 21:30:00,NASDAQ:GOOGL,120.1,121.05,119.4,119.48,21709549.0
2023-07-10 21:30:00,NASDAQ:GOOGL,118.3,118.305,116.135,116.45,35315235.0
2023-07-11 21:30:00,NASDAQ:GOOGL,116.29,117.71,115.35,117.14,23078782.0
2023-07-12 21:30:00,NASDAQ:GOOGL,118.8,120.33,118.4145,118.93,30404409.0
2023-07-13 21:30:00,NASDAQ:GOOGL,120.93,124.83,120.45,124.54,44297915.0
2023-07-14 21:30:00,NASDAQ:GOOGL,124.8,126.775,123.49,125.42,33283076.0
2023-07-17 21:30:00,NASDAQ:GOOGL,125.94,127.0999,124.195,124.65,25716215.0
2023-07-18 21:30:00,NASDAQ:GOOGL,124.6,124.68,122.96,123.76,26226447.0
2023-07-19 21:30:00,NASDAQ:GOOGL,124.6,125.18,121.8,122.03,37224033.0
2023-07-20 21:30:00,NASDAQ:GOOGL,121.42,124.09,118.22,119.2,37906763.0
2023-07-21 21:30:00,NASDAQ:GOOGL,120.62,120.99,118.73,120.02,71606474.0
2023-07-24 21:30:00,NASDAQ:GOOGL,121.66,123.0,120.98,121.53,29723667.0
2023-07-25 21:30:00,NASDAQ:GOOGL,121.36,123.145,121.02,122.21,52509551.0
2023-07-26 21:30:00,NASDAQ:GOOGL,130.07,130.98,128.32,129.27,61682093.0
2023-07-27 21:30:00,NASDAQ:GOOGL,131.67,133.24,128.79,129.4,44952074.0
2023-07-28 21:30:00,NASDAQ:GOOGL,130.78,133.74,130.57,132.58,36591158.0
2023-07-31 21:30:00,NASDAQ:GOOGL,132.73,133.525,131.775,132.72,28055531.0
2023-08-01 21:30:00,NASDAQ:GOOGL,130.775,132.63,130.68,131.55,23276440.0
2023-08-02 21:30:00,NASDAQ:GOOGL,129.45,130.09,127.56,128.38,26273258.0
2023-08-03 21:30:00,NASDAQ:GOOGL,127.97,129.385,127.42,128.45,20159528.0
2023-08-04 21:30:00,NASDAQ:GOOGL,129.28,131.51,127.91,128.11,26147158.0
2023-08-07 21:30:00,NASDAQ:GOOGL,129.16,131.61,129.02,131.53,22746290.0
2023-08-08 21:30:00,NASDAQ:GOOGL,130.62,131.51,129.545,131.4,23535181.0
2023-08-09 21:30:00,NASDAQ:GOOGL,131.66,132.04,129.0,129.66,24912918.0
2023-08-10 21:30:00,NASDAQ:GOOGL,131.32,132.05,129.45,129.69,20857754.0
2023-08-11 21:30:00,NASDAQ:GOOGL,128.66,129.93,128.17,129.56,19591080.0
2023-08-14 21:30:00,NASDAQ:GOOGL,129.39,131.37,128.96,131.33,24695608.0
2023-08-15 21:30:00,NASDAQ:GOOGL,131.1,131.42,129.28,129.78,19770732.0
2023-08-16 21:30:00,NASDAQ:GOOGL,128.7,130.2809,127.865,128.7,25216068.0
2023-08-17 21:30:00,NASDAQ:GOOGL,129.8,131.99,129.29,129.92,33446280.0
2023-08-18 21:30:00,NASDAQ:GOOGL,128.51,129.25,126.3824,127.46,30504769.0
2023-08-21 21:30:00,NASDAQ:GOOGL,127.175,128.725,126.56,128.37,25248729.0
2023-08-22 21:30:00,NASDAQ:GOOGL,128.51,130.278,128.32,129.08,22067520.0
2023-08-23 21:30:00,NASDAQ:GOOGL,130.18,133.41,129.87,132.37,27819713.0
2023-08-24 21:30:00,NASDAQ:GOOGL,133.95,134.25,129.57,129.78,28500694.0
2023-08-25 21:30:00,NASDAQ:GOOGL,129.54,130.76,127.25,129.88,26762891.0
2023-08-28 21:30:00,NASDAQ:GOOGL,131.31,132.54,130.14,131.01,20543266.0
2023-08-29 21:30:00,NASDAQ:GOOGL,132.24,136.57,132.24,134.57,43075556.0
2023-08-30 21:30:00,NASDAQ:GOOGL,134.78,136.275,134.07,135.88,28315769.0
2023-08-31 21:30:00,NASDAQ:GOOGL,136.01,138.0,135.79,136.17,30053800.0
2023-09-01 21:30:00,NASDAQ:GOOGL,137.455,137.455,134.85,135.66,21543687.0
2023-09-05 21:30:00,NASDAQ:GOOGL,135.44,136.42,134.5801,135.77,19403112.0
2023-09-06 21:30:00,NASDAQ:GOOGL,136.02,136.5299,133.665,134.46,18684534.0
2023-09-07 21:30:00,NASDAQ:GOOGL,133.59,135.58,132.95,135.26,18844342.0
2023-09-08 21:30:00,NASDAQ:GOOGL,134.91,136.66,134.85,136.38,23584188.0
2023-09-11 21:30:00,NASDAQ:GOOGL,136.54,137.48,135.785,136.92,20763350.0
2023-09-12 21:30:00,NASDAQ:GOOGL,136.26,136.8701,135.19,135.34,18405505.0
2023-09-13 21:30:00,NASDAQ:GOOGL,135.09,136.9,134.15,136.71,20749496.0
2023-09-14 21:30:00,NASDAQ:GOOGL,137.6,138.695,136.24,138.1,24750968.0
2023-09-15 21:30:00,NASDAQ:GOOGL,137.98,138.52,136.48,137.4,38919614.0
2023-09-18 21:30:00,NASDAQ:GOOGL,136.61,139.16,136.61,138.21,21861346.0
2023-09-19 21:30:00,NASDAQ:GOOGL,137.42,138.41,136.62,138.04,20353653.0
2023-09-20 21:30:00,NASDAQ:GOOGL,138.08,138.08,133.62,133.74,29927475.0
2023-09-21 21:30:00,NASDAQ:GOOGL,131.44,132.23,130.07,130.44,31503910.0
2023-09-22 21:30:00,NASDAQ:GOOGL,130.76,132.025,129.6,130.25,26397337.0
2023-09-25 21:30:00,NASDAQ:GOOGL,129.83,131.17,128.96,131.11,20094643.0
2023-09-26 21:30:00,NASDAQ:GOOGL,129.77,130.3645,127.22,128.565,25718704.0
2023-09-27 21:30:00,NASDAQ:GOOGL,128.57,130.895,128.57,130.54,22746452.0
2023-09-28 21:30:00,NASDAQ:GOOGL,129.84,133.3,129.79,132.31,22513132.0
2023-09-29 21:30:00,NASDAQ:GOOGL,133.28,134.05,130.36,130.86,30859790.0
2023-10-02 21:30:00,NASDAQ:GOOGL,131.21,134.42,131.17,134.17,22288038.0
2023-10-03 21:30:00,NASDAQ:GOOGL,133.94,134.26,131.84,132.43,22989401.0
2023-10-04 21:30:00,NASDAQ:GOOGL,132.79,135.57,132.53,135.24,26752295.0
2023-10-05 21:30:00,NASDAQ:GOOGL,135.07,135.49,133.45,135.07,19832615.0
2023-10-06 21:30:00,NASDAQ:GOOGL,134.01,138.155,134.01,137.58,27597598.0
2023-10-09 21:30:00,NASDAQ:GOOGL,136.94,138.94,135.61,138.42,19278070.0
2023-10-10 21:30:00,NASDAQ:GOOGL,138.5,139.72,137.33,138.06,27786613.0
2023-10-11 21:30:00,NASDAQ:GOOGL,138.58,141.11,138.58,140.55,25884303.0
2023-10-12 21:30:00,NASDAQ:GOOGL,141.05,141.22,138.26,138.97,24765537.0
2023-10-13 21:30:00,NASDAQ:GOOGL,139.38,140.0,136.615,137.36,23435599.0
2023-10-16 21:30:00,NASDAQ:GOOGL,138.17,139.63,137.99,139.095,28501871.0
2023-10-17 21:30:00,NASDAQ:GOOGL,138.63,139.9,137.18,139.72,23515780.0
2023-10-18 21:30:00,NASDAQ:GOOGL,139.445,140.72,137.38,137.96,23374998.0
2023-10-19 21:30:00,NASDAQ:GOOGL,138.5,139.66,137.38,137.75,26066011.0
2023-10-20 21:30:00,NASDAQ:GOOGL,137.33,137.87,135.08,135.6,26335673.0
2023-10-23 21:30:00,NASDAQ:GOOGL,135.04,137.6599,133.95,136.5,26317930.0
2023-10-24 21:30:00,NASDAQ:GOOGL,137.83,139.3599,137.42,138.81,44814321.0
2023-10-25 21:30:00,NASDAQ:GOOGL,128.16,128.31,125.07,125.61,84366208.0
2023-10-26 21:30:00,NASDAQ:GOOGL,123.27,124.3297,121.27,122.28,57061140.0
2023-10-27 21:30:00,NASDAQ:GOOGL,122.88,123.31,120.2057,122.17,44566506.0
2023-10-30 21:30:00,NASDAQ:GOOGL,123.21,125.4,122.75,124.46,28940081.0
2023-10-31 21:30:00,NASDAQ:GOOGL,125.06,125.37,122.685,124.08,26292342.0
2023-11-01 21:30:00,NASDAQ:GOOGL,124.07,126.49,123.715,126.45,30082438.0
2023-11-02 21:30:00,NASDAQ:GOOGL,128.42,128.98,126.93,127.49,27124647.0
2023-11-03 21:30:00,NASDAQ:GOOGL,128.02,129.525,127.86,129.1,26393109.0
2023-11-06 22:30:00,NASDAQ:GOOGL,129.05,130.34,128.67,130.25,19052740.0
2023-11-07 22:30:00,NASDAQ:GOOGL,130.71,131.91,129.88,130.97,29757276.0
2023-11-08 22:30:00,NASDAQ:GOOGL,130.97,132.21,130.78,131.84,26425849.0
2023-11-09 22:30:00,NASDAQ:GOOGL,131.96,132.55,130.065,130.24,23747773.0
2023-11-10 22:30:00,NASDAQ:GOOGL,130.105,132.8,129.41,132.59,26927826.0
2023-11-13 22:30:00,NASDAQ:GOOGL,131.78,132.59,131.25,132.09,18324751.0
2023-11-14 22:30:00,NASDAQ:GOOGL,134.19,135.7,133.32,133.62,32395178.0
2023-11-15 22:30:00,NASDAQ:GOOGL,134.87,135.03,133.57,134.62,23861515.0
2023-11-16 22:30:00,NASDAQ:GOOGL,135.19,137.2199,134.32,136.93,28013179.0
2023-11-17 22:30:00,NASDAQ:GOOGL,136.0,136.06,133.65,135.31,37287691.0
2023-11-20 22:30:00,NASDAQ:GOOGL,133.69,136.66,133.62,136.25,27850762.0
2023-11-21 22:30:00,NASDAQ:GOOGL,136.29,137.18,135.96,136.97,22635272.0
2023-11-22 22:30:00,NASDAQ:GOOGL,137.47,139.42,137.47,138.49,17820456.0
2023-11-24 22:30:00,NASDAQ:GOOGL,138.03,138.13,135.99,136.69,12514322.0
2023-11-27 22:30:00,NASDAQ:GOOGL,136.03,138.42,136.0,136.41,23436526.0
2023-11-28 22:30:00,NASDAQ:GOOGL,136.08,137.25,135.4222,137.2,18730032.0
2023-11-29 22:30:00,NASDAQ:GOOGL,137.57,138.288,134.84,134.99,23967222.0
2023-11-30 22:30:00,NASDAQ:GOOGL,135.05,135.55,131.28,132.53,38988263.0
2023-12-01 22:30:00,NASDAQ:GOOGL,131.86,132.11,130.665,131.86,31442263.0
2023-12-04 22:30:00,NASDAQ:GOOGL,129.88,130.03,127.9,129.27,36669876.0
2023-12-05 22:30:00,NASDAQ:GOOGL,128.95,132.14,128.25,130.99,27384784.0
2023-12-06 22:30:00,NASDAQ:GOOGL,131.44,131.84,129.875,130.02,23576176.0
2023-12-07 22:30:00,NASDAQ:GOOGL,135.04,138.56,134.7,136.93,56767100.0
2023-12-08 22:30:00,NASDAQ:GOOGL,134.2,136.4,134.025,134.99,32260112.0
2023-12-11 22:30:00,NASDAQ:GOOGL,132.38,133.335,131.36,133.29,31138011.0
2023-12-12 22:30:00,NASDAQ:GOOGL,131.81,133.0,131.26,132.52,29032831.0
2023-12-13 22:30:00,NASDAQ:GOOGL,133.38,133.5,131.57,132.57,30104775.0
2023-12-14 22:30:00,NASDAQ:GOOGL,133.38,133.72,129.685,131.94,38722413.0
2023-12-15 22:30:00,NASDAQ:GOOGL,131.62,133.51,131.18,132.6,50847113.0
2023-12-18 22:30:00,NASDAQ:GOOGL,132.63,137.1478,132.43,135.8,32257967.0
2023-12-19 22:30:00,NASDAQ:GOOGL,136.84,137.47,136.08,136.65,25476753.0
2023-12-20 22:30:00,NASDAQ:GOOGL,138.97,141.695,138.065,138.34,49107179.0
2023-12-21 22:30:00,NASDAQ:GOOGL,139.49,140.685,139.18,140.42,27488284.0
2023-12-22 22:30:00,NASDAQ:GOOGL,140.77,141.99,140.71,141.49,26532199.0
2023-12-26 22:30:00,NASDAQ:GOOGL,141.59,142.68,141.19,141.52,16780333.0
2023-12-27 22:30:00,NASDAQ:GOOGL,141.59,142.08,139.886,140.37,19628618.0
2023-12-28 22:30:00,NASDAQ:GOOGL,140.78,141.14,139.75,140.23,16045712.0
2023-12-29 22:30:00,NASDAQ:GOOGL,139.63,140.36,138.78,139.69,18733017.0
2024-01-02 22:30:00,NASDAQ:GOOGL,138.55,139.45,136.48,138.17,23711220.0
2024-01-03 22:30:00,NASDAQ:GOOGL,137.25,139.63,137.08,138.92,24212147.0
2024-01-04 22:30:00,NASDAQ:GOOGL,138.42,139.16,136.35,136.39,27137735.0
2024-01-05 22:30:00,NASDAQ:GOOGL,136.745,137.1558,135.15,135.73,22513854.0
2024-01-08 22:30:00,NASDAQ:GOOGL,136.29,139.01,136.26,138.84,21403982.0
2024-01-09 22:30:00,NASDAQ:GOOGL,138.5,141.485,138.15,140.95,24759598.0
2024-01-10 22:30:00,NASDAQ:GOOGL,141.0,143.0,140.91,142.28,21320203.0
2024-01-11 22:30:00,NASDAQ:GOOGL,143.49,145.22,140.635,142.08,24008722.0
2024-01-12 22:30:00,NASDAQ:GOOGL,142.67,143.195,141.82,142.65,18785514.0
2024-01-16 22:30:00,NASDAQ:GOOGL,142.0,144.35,141.45,142.49,22670467.0
2024-01-17 22:30:00,NASDAQ:GOOGL,141.345,141.84,138.9,141.47,20968649.0
2024-01-18 22:30:00,NASDAQ:GOOGL,142.05,144.21,141.99,143.48,25746417.0
2024-01-19 22:30:00,NASDAQ:GOOGL,144.74,146.45,144.38,146.38,34271867.0
2024-01-22 22:30:00,NASDAQ:GOOGL,147.1,148.39,145.84,145.99,32200369.0
2024-01-23 22:30:00,NASDAQ:GOOGL,145.89,147.182,145.5,147.04,21636129.0
2024-01-24 22:30:00,NASDAQ:GOOGL,148.54,149.855,148.1,148.7,25233450.0
2024-01-25 22:30:00,NASDAQ:GOOGL,150.065,153.05,149.54,151.87,29149069.0
2024-01-26 22:30:00,NASDAQ:GOOGL,151.1,152.535,151.01,152.185,26115494.0
2024-01-29 22:30:00,NASDAQ:GOOGL,152.06,153.78,151.43,153.51,27784259.0
2024-01-30 22:30:00,NASDAQ:GOOGL,152.8,153.62,151.185,151.46,36331833.0
2024-01-31 22:30:00,NASDAQ:GOOGL,143.62,144.0,139.87,140.1,71910044.0
2024-02-01 22:30:00,NASDAQ:GOOGL,142.12,143.06,140.79,141.16,40466549.0
2024-02-02 22:30:00,NASDAQ:GOOGL,139.26,142.62,136.5,142.38,62499574.0
2024-02-05 22:30:00,NASDAQ:GOOGL,142.82,145.47,142.78,143.68,38505405.0
2024-02-06 22:30:00,NASDAQ:GOOGL,144.65,145.36,143.19,144.1,29128201.0
2024-02-07 22:30:00,NASDAQ:GOOGL,144.76,145.615,143.925,145.54,25208862.0
2024-02-08 22:30:00,NASDAQ:GOOGL,145.83,146.33,145.105,145.91,22563764.0
2024-02-09 22:30:00,NASDAQ:GOOGL,146.68,149.44,146.18,149.0,26829504.0
2024-02-12 22:30:00,NASDAQ:GOOGL,148.42,149.335,147.37,147.53,21564085.0
2024-02-13 22:30:00,NASDAQ:GOOGL,144.92,146.67,143.69,145.14,27837730.0
2024-02-14 22:30:00,NASDAQ:GOOGL,146.08,146.52,144.094,145.94,22704166.0
2024-02-15 22:30:00,NASDAQ:GOOGL,143.14,143.52,140.46,142.77,37590695.0
2024-02-16 22:30:00,NASDAQ:GOOGL,142.99,143.19,140.14,140.52,31468926.0
2024-02-20 22:30:00,NASDAQ:GOOGL,139.655,142.08,139.49,141.12,24935710.0
2024-02-21 22:30:00,NASDAQ:GOOGL,141.45,142.69,140.675,142.55,23315687.0
2024-02-22 22:30:00,NASDAQ:GOOGL,144.93,145.0,142.8,144.09,27191892.0
2024-02-23 22:30:00,NASDAQ:GOOGL,143.67,144.68,143.43,143.96,19493752.0
2024-02-26 22:30:00,NASDAQ:GOOGL,142.14,142.44,137.39,137.57,53641795.0
2024-02-27 22:30:00,NASDAQ:GOOGL,138.02,139.25,137.09,138.88,33099190.0
2024-02-28 22:30:00,NASDAQ:GOOGL,137.9,138.01,135.41,136.38,37328558.0
2024-02-29 22:30:00,NASDAQ:GOOGL,137.28,138.86,136.4,138.46,42132953.0
2024-03-01 22:30:00,NASDAQ:GOOGL,138.43,138.87,136.92,137.14,31151116.0
2024-03-04 22:30:00,NASDAQ:GOOGL,135.66,135.66,131.91,133.35,55999415.0
2024-03-05 22:30:00,NASDAQ:GOOGL,131.88,133.24,130.665,132.67,40194757.0
2024-03-06 22:30:00,NASDAQ:GOOGL,133.12,133.58,130.85,131.4,35318610.0
2024-03-07 22:30:00,NASDAQ:GOOGL,132.795,134.94,131.61,134.38,37738209.0
2024-03-08 22:30:00,NASDAQ:GOOGL,134.21,138.085,134.0,135.41,39370392.0
2024-03-11 21:30:00,NASDAQ:GOOGL,136.13,139.095,136.13,137.67,32437772.0
2024-03-12 21:30:00,NASDAQ:GOOGL,137.03,139.375,137.03,138.5,27563354.0
2024-03-13 21:30:00,NASDAQ:GOOGL,139.0,141.09,138.99,139.79,23347208.0
2024-03-14 21:30:00,NASDAQ:GOOGL,141.19,143.585,140.455,143.1,42753387.0
2024-03-15 21:30:00,NASDAQ:GOOGL,142.5,143.18,140.03,141.18,49475417.0
2024-03-18 21:30:00,NASDAQ:GOOGL,148.61,152.15,147.17,147.68,69273699.0
2024-03-19 21:30:00,NASDAQ:GOOGL,148.16,148.7913,146.08,147.03,24070435.0
2024-03-20 21:30:00,NASDAQ:GOOGL,148.0,148.86,146.735,148.74,21311501.0
2024-03-21 21:30:00,NASDAQ:GOOGL,149.47,150.37,146.9001,147.6,24755597.0
2024-03-22 21:30:00,NASDAQ:GOOGL,149.12,151.58,148.98,150.77,29211769.0
2024-03-25 21:30:00,NASDAQ:GOOGL,149.94,150.375,147.82,150.07,19229285.0
2024-03-26 21:30:00,NASDAQ:GOOGL,150.22,152.256,149.98,150.67,22149137.0
2024-03-27 21:30:00,NASDAQ:GOOGL,151.18,151.635,148.9,150.87,22879178.0
2024-03-28 21:30:00,NASDAQ:GOOGL,150.85,151.43,150.17,150.93,24485390.0
2024-04-01 21:30:00,NASDAQ:GOOGL,150.69,155.74,150.61,155.49,31730848.0
2024-04-02 21:30:00,NASDAQ:GOOGL,153.5,154.7,152.15,154.56,24585985.0
2024-04-03 21:30:00,NASDAQ:GOOGL,153.6,155.08,152.73,154.92,24704991.0
2024-04-04 21:30:00,NASDAQ:GOOGL,153.5,154.77,150.45,150.53,34724738.0
2024-04-05 21:30:00,NASDAQ:GOOGL,150.03,153.42,149.6,152.5,23459246.0
2024-04-08 21:30:00,NASDAQ:GOOGL,152.78,155.27,152.61,154.85,20701974.0
2024-04-09 21:30:00,NASDAQ:GOOGL,156.085,158.56,155.19,156.6,31113013.0
2024-04-10 21:30:00,NASDAQ:GOOGL,156.21,156.61,154.68,156.14,22838629.0
2024-04-11 21:30:00,NASDAQ:GOOGL,156.91,159.68,156.46,159.41,27166431.0
2024-04-12 21:30:00,NASDAQ:GOOGL,157.96,160.2225,157.14,157.73,25353746.0
2024-04-15 21:30:00,NASDAQ:GOOGL,158.86,159.24,154.59,154.86,27136472.0
2024-04-16 21:30:00,NASDAQ:GOOGL,154.19,155.65,153.43,154.4,20779495.0
2024-04-17 21:30:00,NASDAQ:GOOGL,155.62,157.08,154.58,155.47,21763130.0
2024-04-18 21:30:00,NASDAQ:GOOGL,155.34,156.94,154.62,156.01,19883044.0
2024-04-19 21:30:00,NASDAQ:GOOGL,156.2,156.36,152.3,154.09,32615639.0
2024-04-22 21:30:00,NASDAQ:GOOGL,154.31,157.64,154.06,156.28,26446206.0
2024-04-23 21:30:00,NASDAQ:GOOGL,156.96,158.97,156.28,158.26,21151568.0
2024-04-24 21:30:00,NASDAQ:GOOGL,157.49,159.565,157.165,159.13,22779112.0
2024-04-25 21:30:00,NASDAQ:GOOGL,151.33,156.49,150.87,156.0,57109730.0
2024-04-26 21:30:00,NASDAQ:GOOGL,174.37,174.71,169.65,171.95,64665299.0
2024-04-29 21:30:00,NASDAQ:GOOGL,169.058,169.55,165.21,166.15,45610024.0
2024-04-30 21:30:00,NASDAQ:GOOGL,165.612,168.1,162.6,162.78,33562861.0
2024-05-01 21:30:00,NASDAQ:GOOGL,164.3,167.12,163.09,163.86,33493151.0
2024-05-02 21:30:00,NASDAQ:GOOGL,164.785,166.73,163.89,166.62,24294549.0
2024-05-03 21:30:00,NASDAQ:GOOGL,167.56,167.96,163.05,167.24,34662432.0
2024-05-06 21:30:00,NASDAQ:GOOGL,167.46,168.14,166.03,168.1,21871283.0
2024-05-07 21:30:00,NASDAQ:GOOGL,168.5,171.76,168.39,171.25,28039696.0
2024-05-08 21:30:00,NASDAQ:GOOGL,169.0,170.15,168.735,169.38,19569146.0
2024-05-09 21:30:00,NASDAQ:GOOGL,169.39,170.69,168.18,169.96,15346700.0
2024-05-10 21:30:00,NASDAQ:GOOGL,168.025,169.85,166.19,168.65,29799931.0
2024-05-13 21:30:00,NASDAQ:GOOGL,164.26,169.28,164.0,169.14,31327602.0
2024-05-14 21:30:00,NASDAQ:GOOGL,169.77,171.25,168.8,170.34,25127138.0
2024-05-15 21:30:00,NASDAQ:GOOGL,170.63,172.65,170.51,172.51,26948370.0
2024-05-16 21:30:00,NASDAQ:GOOGL,173.29,175.115,172.69,174.18,27867947.0
2024-05-17 21:30:00,NASDAQ:GOOGL,174.18,176.265,173.69,176.06,24479262.0
2024-05-20 21:30:00,NASDAQ:GOOGL,176.192,178.77,176.08,176.92,22554400.0
2024-05-21 21:30:00,NASDAQ:GOOGL,176.9,178.15,175.81,177.85,16989369.0
2024-05-22 21:30:00,NASDAQ:GOOGL,176.644,177.15,175.21,176.38,17880042.0
2024-05-23 21:30:00,NASDAQ:GOOGL,177.07,178.25,172.95,173.55,21024935.0
2024-05-24 21:30:00,NASDAQ:GOOGL,174.98,175.77,173.65,174.99,16579438.0
2024-05-28 21:30:00,NASDAQ:GOOGL,174.45,177.27,174.365,176.4,20572157.0
2024-05-29 21:30:00,NASDAQ:GOOGL,175.43,176.836,174.72,175.9,23388693.0
2024-05-30 21:30:00,NASDAQ:GOOGL,175.2,175.22,171.79,172.11,22958677.0
2024-05-31 21:30:00,NASDAQ:GOOGL,171.86,173.06,169.44,172.5,37638876.0
2024-06-03 21:30:00,NASDAQ:GOOGL,172.54,174.525,171.16,173.17,27459118.0
2024-06-04 21:30:00,NASDAQ:GOOGL,173.28,173.845,171.89,173.79,26879596.0
2024-06-05 21:30:00,NASDAQ:GOOGL,175.2,176.645,173.9339,175.41,22068519.0
2024-06-06 21:30:00,NASDAQ:GOOGL,175.895,177.15,175.75,176.73,23251013.0
2024-06-07 21:30:00,NASDAQ:GOOGL,177.05,177.87,174.3,174.46,19661399.0
2024-06-10 21:30:00,NASDAQ:GOOGL,174.97,177.06,172.76,175.01,23779218.0
2024-06-11 21:30:00,NASDAQ:GOOGL,176.22,176.84,173.7701,176.62,21540582.0
2024-06-12 21:30:00,NASDAQ:GOOGL,178.25,180.41,176.11,177.79,27864737.0
2024-06-13 21:30:00,NASDAQ:GOOGL,176.11,176.74,174.88,175.16,20913299.0
2024-06-14 21:30:00,NASDAQ:GOOGL,174.22,177.0623,174.15,176.79,18063555.0
2024-06-17 21:30:00,NASDAQ:GOOGL,175.46,178.36,174.81,177.24,19618497.0
2024-06-18 21:30:00,NASDAQ:GOOGL,177.14,177.385,174.1042,175.09,21869857.0
2024-06-20 21:30:00,NASDAQ:GOOGL,175.37,177.29,174.99,176.3,20160085.0
2024-06-21 21:30:00,NASDAQ:GOOGL,177.0,180.85,176.61,179.63,58582743.0
2024-06-24 21:30:00,NASDAQ:GOOGL,180.16,180.89,178.67,179.22,18298012.0
2024-06-25 21:30:00,NASDAQ:GOOGL,179.62,184.29,179.42,184.03,23235589.0
2024-06-26 21:30:00,NASDAQ:GOOGL,182.63,184.51,182.48,183.88,19838972.0
2024-06-27 21:30:00,NASDAQ:GOOGL,184.18,186.05,184.02,185.41,18848884.0
2024-06-28 21:30:00,NASDAQ:GOOGL,184.32,185.13,181.96,182.15,29156644.0
2024-07-01 21:30:00,NASDAQ:GOOGL,183.03,183.88,181.3,182.99,16006128.0
2024-07-02 21:30:00,NASDAQ:GOOGL,182.05,185.57,181.56,185.24,17372485.0
2024-07-03 21:30:00,NASDAQ:GOOGL,184.85,186.09,184.0,185.82,10242126.0
2024-07-05 21:30:00,NASDAQ:GOOGL,185.855,190.86,185.8,190.6,20967450.0
2024-07-08 21:30:00,NASDAQ:GOOGL,189.895,190.17,187.78,189.03,21035886.0
2024-07-09 21:30:00,NASDAQ:GOOGL,190.31,191.36,188.72,188.98,15141312.0
2024-07-10 21:30:00,NASDAQ:GOOGL,189.15,191.75,189.03,191.18,15952454.0
2024-07-11 21:30:00,NASDAQ:GOOGL,189.845,190.86,185.08,185.57,25625784.0
2024-07-12 21:30:00,NASDAQ:GOOGL,185.08,187.11,184.49,185.07,22898406.0
2024-07-15 21:30:00,NASDAQ:GOOGL,184.92,188.24,184.92,186.53,16474043.0
2024-07-16 21:30:00,NASDAQ:GOOGL,187.36,188.68,183.3736,183.92,18290722.0
2024-07-17 21:30:00,NASDAQ:GOOGL,182.965,183.55,179.9,181.02,20734071.0
2024-07-18 21:30:00,NASDAQ:GOOGL,181.93,182.5,176.47,177.69,25315727.0
2024-07-19 21:30:00,NASDAQ:GOOGL,178.88,180.29,177.13,177.66,18881885.0
2024-07-22 21:30:00,NASDAQ:GOOGL,180.59,182.7,180.23,181.67,24100345.0
2024-07-23 21:30:00,NASDAQ:GOOGL,182.05,183.61,181.54,181.79,36352714.0
2024-07-24 21:30:00,NASDAQ:GOOGL,173.6,176.19,171.82,172.63,49585203.0
2024-07-25 21:30:00,NASDAQ:GOOGL,172.52,173.42,167.19,167.28,44851973.0
2024-07-26 21:30:00,NASDAQ:GOOGL,167.15,168.09,164.06,167.0,41336886.0
2024-07-29 21:30:00,NASDAQ:GOOGL,168.83,170.43,167.99,169.53,20293822.0
2024-07-30 21:30:00,NASDAQ:GOOGL,170.24,171.2299,168.44,170.29,18959686.0
2024-07-31 21:30:00,NASDAQ:GOOGL,173.24,174.245,170.01,171.54,25729090.0
2024-08-01 21:30:00,NASDAQ:GOOGL,170.25,174.05,168.88,170.76,24531392.0
2024-08-02 21:30:00,NASDAQ:GOOGL,166.44,168.51,164.67,166.66,29130102.0
2024-08-05 21:30:00,NASDAQ:GOOGL,155.5,164.43,154.93,159.25,53630673.0
2024-08-06 21:30:00,NASDAQ:GOOGL,159.33,160.57,156.41,158.29,49004561.0
2024-08-07 21:30:00,NASDAQ:GOOGL,161.25,162.98,158.47,158.94,25138573.0
2024-08-08 21:30:00,NASDAQ:GOOGL,160.51,163.69,160.21,162.03,25578839.0
2024-08-09 21:30:00,NASDAQ:GOOGL,160.01,163.79,159.06,163.67,28602285.0
2024-08-12 21:30:00,NASDAQ:GOOGL,164.35,164.9,161.84,162.29,15895286.0
2024-08-13 21:30:00,NASDAQ:GOOGL,163.41,164.73,162.97,164.16,18551690.0
2024-08-14 21:30:00,NASDAQ:GOOGL,162.4,163.22,157.71,160.37,40591126.0
2024-08-15 21:30:00,NASDAQ:GOOGL,160.5,161.635,159.61,161.3,31524252.0
2024-08-16 21:30:00,NASDAQ:GOOGL,161.47,165.06,161.13,162.96,24208647.0
2024-08-19 21:30:00,NASDAQ:GOOGL,165.28,166.69,164.26,166.67,22416185.0
2024-08-20 21:30:00,NASDAQ:GOOGL,166.9,168.64,166.82,167.18,18341533.0
2024-08-21 21:30:00,NASDAQ:GOOGL,165.15,166.85,164.67,165.85,22901997.0
2024-08-22 21:30:00,NASDAQ:GOOGL,167.26,167.59,163.31,163.8,22493275.0
2024-08-23 21:30:00,NASDAQ:GOOGL,164.72,166.18,163.83,165.62,13955741.0
2024-08-26 21:30:00,NASDAQ:GOOGL,166.38,167.55,164.455,166.16,14190417.0
2024-08-27 21:30:00,NASDAQ:GOOGL,165.835,166.4426,164.46,164.68,11821941.0
2024-08-28 21:30:00,NASDAQ:GOOGL,165.035,165.6,161.5284,162.85,16407444.0
2024-08-29 21:30:00,NASDAQ:GOOGL,164.31,165.97,160.25,161.78,19699767.0
2024-08-30 21:30:00,NASDAQ:GOOGL,162.615,163.66,161.6925,163.38,22123811.0
2024-09-03 21:30:00,NASDAQ:GOOGL,161.72,161.85,156.48,157.36,38945301.0
2024-09-04 21:30:00,NASDAQ:GOOGL,156.655,159.0,155.9616,156.45,19353759.0
2024-09-05 21:30:00,NASDAQ:GOOGL,156.3,159.45,155.9805,157.24,18688747.0
2024-09-06 21:30:00,NASDAQ:GOOGL,157.3,157.83,150.55,150.92,37912130.0
2024-09-09 21:30:00,NASDAQ:GOOGL,152.51,153.4,147.215,148.71,39260451.0
2024-09-10 21:30:00,NASDAQ:GOOGL,150.45,151.27,148.34,148.66,31118765.0
2024-09-11 21:30:00,NASDAQ:GOOGL,149.92,151.5,147.52,151.16,29607693.0
2024-09-12 21:30:00,NASDAQ:GOOGL,153.8,154.82,152.65,154.69,29695048.0
2024-09-13 21:30:00,NASDAQ:GOOGL,155.43,158.38,155.21,157.46,29591152.0
2024-09-16 21:30:00,NASDAQ:GOOGL,157.31,158.25,156.6,158.06,18379775.0
2024-09-17 21:30:00,NASDAQ:GOOGL,159.02,160.55,158.375,159.32,20715612.0
2024-09-18 21:30:00,NASDAQ:GOOGL,159.86,160.5,158.595,159.81,23677315.0
2024-09-19 21:30:00,NASDAQ:GOOGL,163.71,163.79,161.34,162.14,26587733.0
2024-09-20 21:30:00,NASDAQ:GOOGL,163.5,163.73,162.06,163.59,40896438.0
2024-09-23 21:30:00,NASDAQ:GOOGL,164.35,165.49,161.67,161.85,24150852.0
2024-09-24 21:30:00,NASDAQ:GOOGL,163.03,163.2158,160.69,162.29,23332147.0
2024-09-25 21:30:00,NASDAQ:GOOGL,161.47,162.81,161.3,161.49,18869199.0
2024-09-26 21:30:00,NASDAQ:GOOGL,163.64,164.08,162.28,162.73,20319336.0
2024-09-27 21:30:00,NASDAQ:GOOGL,162.81,165.7,162.6261,163.95,21101307.0
2024-09-30 21:30:00,NASDAQ:GOOGL,163.32,166.15,163.26,165.85,20481303.0
2024-10-01 21:30:00,NASDAQ:GOOGL,167.685,169.16,164.58,166.99,28338123.0
2024-10-02 21:30:00,NASDAQ:GOOGL,166.42,167.52,164.73,165.86,17760179.0
2024-10-03 21:30:00,NASDAQ:GOOGL,164.41,166.64,163.923,165.86,15073101.0
2024-10-04 21:30:00,NASDAQ:GOOGL,168.06,168.23,165.48,167.06,19093724.0
2024-10-07 21:30:00,NASDAQ:GOOGL,167.72,168.48,162.75,162.98,22463140.0
2024-10-08 21:30:00,NASDAQ:GOOGL,163.94,164.725,162.87,164.38,23072733.0
2024-10-09 21:30:00,NASDAQ:GOOGL,163.45,164.84,159.74,161.86,31181774.0
2024-10-10 21:30:00,NASDAQ:GOOGL,160.87,163.07,160.395,162.08,14144068.0
2024-10-11 21:30:00,NASDAQ:GOOGL,162.13,163.9,161.235,163.24,15344251.0
2024-10-14 21:30:00,NASDAQ:GOOGL,163.64,166.226,163.4,164.96,19016141.0
2024-10-15 21:30:00,NASDAQ:GOOGL,165.785,167.68,164.625,165.46,20247195.0
2024-10-16 21:30:00,NASDAQ:GOOGL,164.53,165.8,163.74,165.16,16406030.0
2024-10-17 21:30:00,NASDAQ:GOOGL,165.73,166.37,162.76,162.93,21453395.0
2024-10-18 21:30:00,NASDAQ:GOOGL,163.19,164.71,163.08,163.42,19757661.0
2024-10-21 21:30:00,NASDAQ:GOOGL,162.95,164.5,162.62,164.07,20946455.0
2024-10-22 21:30:00,NASDAQ:GOOGL,162.98,165.77,162.98,165.14,16568121.0
2024-10-23 21:30:00,NASDAQ:GOOGL,164.76,165.82,161.925,162.78,18280518.0
2024-10-24 21:30:00,NASDAQ:GOOGL,162.83,163.33,161.01,162.72,22412527.0
2024-10-25 21:30:00,NASDAQ:GOOGL,163.67,165.59,163.42,165.27,19828884.0
2024-10-28 21:30:00,NASDAQ:GOOGL,168.75,168.75,163.95,166.72,32138641.0
2024-10-29 21:30:00,NASDAQ:GOOGL,167.73,170.38,167.0896,169.68,42169025.0
2024-10-30 21:30:00,NASDAQ:GOOGL,180.68,182.02,174.0599,174.46,68890787.0
2024-10-31 21:30:00,NASDAQ:GOOGL,173.13,176.82,171.0,171.11,44768981.0
2024-11-01 21:30:00,NASDAQ:GOOGL,170.07,172.32,168.88,171.29,31796477.0
2024-11-04 22:30:00,NASDAQ:GOOGL,169.93,170.73,168.011,169.24,21492744.0
2024-11-05 22:30:00,NASDAQ:GOOGL,169.43,170.53,168.84,169.74,18242050.0
2024-11-06 22:30:00,NASDAQ:GOOGL,173.8,176.94,173.5,176.51,33695538.0
2024-11-07 22:30:00,NASDAQ:GOOGL,177.41,181.08,177.19,180.75,25352939.0
2024-11-08 22:30:00,NASDAQ:GOOGL,180.645,180.9,178.08,178.35,22006182.0
2024-11-11 22:30:00,NASDAQ:GOOGL,178.58,180.545,178.47,180.35,17450354.0
2024-11-12 22:30:00,NASDAQ:GOOGL,179.82,182.49,179.39,181.62,25134905.0
2024-11-13 22:30:00,NASDAQ:GOOGL,180.46,180.96,178.54,178.88,23184003.0
2024-11-14 22:30:00,NASDAQ:GOOGL,178.28,178.82,174.3218,175.58,31007457.0
2024-11-15 22:30:00,NASDAQ:GOOGL,173.73,174.14,171.22,172.49,32504649.0
2024-11-18 22:30:00,NASDAQ:GOOGL,173.42,175.438,172.9,175.3,20206613.0
2024-11-19 22:30:00,NASDAQ:GOOGL,173.72,178.87,173.56,178.12,23434925.0
2024-11-20 22:30:00,NASDAQ:GOOGL,177.34,177.675,173.78,175.98,18997111.0
2024-11-21 22:30:00,NASDAQ:GOOGL,173.9,174.13,163.7,167.63,59734379.0
2024-11-22 22:30:00,NASDAQ:GOOGL,165.85,166.46,163.9,164.76,38604587.0
2024-11-25 22:30:00,NASDAQ:GOOGL,166.09,168.63,165.6072,167.65,33135263.0
2024-11-26 22:30:00,NASDAQ:GOOGL,167.63,169.82,167.58,169.12,20486720.0
2024-11-27 22:30:00,NASDAQ:GOOGL,169.0,169.4832,168.02,169.23,19266511.0
2024-11-29 22:30:00,NASDAQ:GOOGL,168.5,169.43,167.16,168.95,14257244.0
2024-12-02 22:30:00,NASDAQ:GOOGL,168.765,172.075,168.57,171.49,23789084.0
2024-12-03 22:30:00,NASDAQ:GOOGL,171.49,172.68,170.85,171.34,22248705.0
2024-12-04 22:30:00,NASDAQ:GOOGL,171.145,174.91,171.06,174.37,31615137.0
2024-12-05 22:30:00,NASDAQ:GOOGL,175.36,176.06,172.33,172.64,21356243.0
2024-12-06 22:30:00,NASDAQ:GOOGL,172.03,175.08,171.86,174.71,21462393.0
2024-12-09 22:30:00,NASDAQ:GOOGL,173.96,176.26,173.65,175.37,25389631.0
2024-12-10 22:30:00,NASDAQ:GOOGL,182.845,186.36,181.05,185.17,54813022.0
2024-12-11 22:30:00,NASDAQ:GOOGL,185.31,195.61,184.85,195.4,67894071.0
2024-12-12 22:30:00,NASDAQ:GOOGL,195.0,195.18,191.71,191.96,34817486.0
2024-12-13 22:30:00,NASDAQ:GOOGL,191.01,192.73,189.64,189.82,25143495.0
2024-12-16 22:30:00,NASDAQ:GOOGL,192.87,199.0,192.62,196.66,44934901.0
2024-12-17 22:30:00,NASDAQ:GOOGL,197.25,201.42,194.98,195.42,43504025.0
2024-12-18 22:30:00,NASDAQ:GOOGL,195.22,197.0,187.74,188.4,34166074.0
2024-12-19 22:30:00,NASDAQ:GOOGL,191.625,193.03,188.38,188.51,32265241.0
2024-12-20 22:30:00,NASDAQ:GOOGL,185.78,192.89,185.22,191.41,63462934.0
2024-12-23 22:30:00,NASDAQ:GOOGL,192.62,195.1,190.15,194.63,25675014.0
2024-12-24 22:30:00,NASDAQ:GOOGL,194.84,196.11,193.78,196.11,10403259.0
2024-12-26 22:30:00,NASDAQ:GOOGL,195.15,196.748,194.375,195.6,12057210.0
2024-12-27 22:30:00,NASDAQ:GOOGL,194.95,195.32,190.65,192.76,18891362.0
2024-12-30 22:30:00,NASDAQ:GOOGL,189.8,192.55,189.12,191.24,14264659.0
2024-12-31 22:30:00,NASDAQ:GOOGL,191.075,191.96,188.51,189.3,17466919.0
2025-01-02 22:30:00,NASDAQ:GOOGL,190.65,192.0,187.5,189.43,20370828.0
2025-01-03 22:30:00,NASDAQ:GOOGL,191.37,193.21,189.975,191.79,18596159.0
2025-01-06 22:30:00,NASDAQ:GOOGL,193.98,198.2222,193.85,196.87,29563638.0
2025-01-07 22:30:00,NASDAQ:GOOGL,197.11,201.0,194.6,195.49,26487244.0
2025-01-08 22:30:00,NASDAQ:GOOGL,192.57,196.29,192.38,193.95,24864766.0
2025-01-10 22:30:00,NASDAQ:GOOGL,194.295,196.52,190.31,192.04,26665206.0
2025-01-13 22:30:00,NASDAQ:GOOGL,190.07,191.18,187.36,191.01,21823699.0
2025-01-14 22:30:00,NASDAQ:GOOGL,191.24,191.98,188.3082,189.66,17174854.0
2025-01-15 22:30:00,NASDAQ:GOOGL,193.09,196.36,191.86,195.55,21775969.0
2025-01-16 22:30:00,NASDAQ:GOOGL,194.14,195.48,192.81,192.91,17815432.0
2025-01-17 22:30:00,NASDAQ:GOOGL,196.53,197.23,193.75,196.0,27735089.0
2025-01-21 22:30:00,NASDAQ:GOOGL,199.07,202.29,197.87,198.05,29971292.0
2025-01-22 22:30:00,NASDAQ:GOOGL,199.06,200.48,197.53,198.37,26200617.0
2025-01-23 22:30:00,NASDAQ:GOOGL,198.14,200.3,195.2,197.98,26951357.0
2025-01-24 22:30:00,NASDAQ:GOOGL,198.1,200.9,198.0,200.21,23877521.0
2025-01-27 22:30:00,NASDAQ:GOOGL,192.41,196.88,190.73,191.81,41728893.0
2025-01-28 22:30:00,NASDAQ:GOOGL,192.745,195.48,190.68,195.3,24157929.0
2025-01-29 22:30:00,NASDAQ:GOOGL,195.555,196.785,193.43,195.41,18218256.0
2025-01-30 22:30:00,NASDAQ:GOOGL,198.0,201.4,197.67,200.87,24354684.0
2025-01-31 22:30:00,NASDAQ:GOOGL,202.0,205.48,201.8,204.02,32041952.0
2025-02-03 22:30:00,NASDAQ:GOOGL,200.69,203.75,200.1,201.23,27838348.0
2025-02-04 22:30:00,NASDAQ:GOOGL,203.39,207.05,202.81,206.38,43856425.0
2025-02-05 22:30:00,NASDAQ:GOOGL,191.07,192.75,188.03,191.33,70461770.0
2025-02-06 22:30:00,NASDAQ:GOOGL,189.5,192.1,188.72,191.6,29297442.0
2025-02-07 22:30:00,NASDAQ:GOOGL,191.05,191.18,183.24,185.34,49314961.0
2025-02-10 22:30:00,NASDAQ:GOOGL,187.35,188.2,185.86,186.47,23105649.0
2025-02-11 22:30:00,NASDAQ:GOOGL,185.03,186.94,184.28,185.32,21239519.0
2025-02-12 22:30:00,NASDAQ:GOOGL,183.22,185.11,181.83,183.61,22072559.0
2025-02-13 22:30:00,NASDAQ:GOOGL,184.32,186.28,183.14,186.14,21402523.0
2025-02-14 22:30:00,NASDAQ:GOOGL,185.055,186.4,184.32,185.23,20448437.0
2025-02-18 22:30:00,NASDAQ:GOOGL,185.6,185.96,181.7401,183.77,29916675.0
2025-02-19 22:30:00,NASDAQ:GOOGL,184.07,185.46,183.59,185.27,19549396.0
2025-02-20 22:30:00,NASDAQ:GOOGL,184.8,185.31,182.72,184.56,20441462.0
2025-02-21 22:30:00,NASDAQ:GOOGL,185.15,185.34,179.08,179.66,35199239.0
2025-02-24 22:30:00,NASDAQ:GOOGL,181.99,183.12,178.885,179.25,29854206.0
2025-02-25 22:30:00,NASDAQ:GOOGL,178.04,178.74,174.6939,175.42,41913411.0
2025-02-26 22:30:00,NASDAQ:GOOGL,175.07,176.08,171.5807,172.73,35431268.0
2025-02-27 22:30:00,NASDAQ:GOOGL,173.99,174.56,167.94,168.5,39991015.0
2025-02-28 22:30:00,NASDAQ:GOOGL,168.68,170.61,166.77,170.28,48130565.0
2025-03-03 22:30:00,NASDAQ:GOOGL,171.925,173.37,165.93,167.01,40770451.0
2025-03-04 22:30:00,NASDAQ:GOOGL,166.24,173.2946,165.8,170.92,45387996.0
2025-03-05 22:30:00,NASDAQ:GOOGL,170.52,173.78,169.06,173.02,30954922.0
2025-03-06 22:30:00,NASDAQ:GOOGL,170.53,174.81,170.5,172.35,28301953.0
2025-03-07 22:30:00,NASDAQ:GOOGL,171.26,174.97,170.27,173.86,27385813.0
2025-03-10 21:30:00,NASDAQ:GOOGL,168.26,168.46,163.69,165.87,43604027.0
2025-03-11 21:30:00,NASDAQ:GOOGL,164.91,166.75,161.37,164.04,39587414.0
2025-03-12 21:30:00,NASDAQ:GOOGL,166.58,167.6399,163.53,167.11,28372396.0
2025-03-13 21:30:00,NASDAQ:GOOGL,166.035,166.13,162.11,162.76,31756214.0
2025-03-14 21:30:00,NASDAQ:GOOGL,163.27,166.49,162.45,165.49,31995894.0
2025-03-17 21:30:00,NASDAQ:GOOGL,165.03,166.3,163.67,164.29,31184335.0
2025-03-18 21:30:00,NASDAQ:GOOGL,163.675,164.25,156.72,160.67,42074751.0
2025-03-19 21:30:00,NASDAQ:GOOGL,161.76,165.87,161.0,163.89,34275582.0
2025-03-20 21:30:00,NASDAQ:GOOGL,161.57,164.89,160.96,162.8,28138464.0
2025-03-21 21:30:00,NASDAQ:GOOGL,161.205,164.24,160.8901,163.99,36625764.0
2025-03-24 21:30:00,NASDAQ:GOOGL,167.065,168.32,165.14,167.68,30879129.0
2025-03-25 21:30:00,NASDAQ:GOOGL,168.98,170.63,168.315,170.56,24174373.0
2025-03-26 21:30:00,NASDAQ:GOOGL,169.0,169.61,164.84,165.06,28939326.0
2025-03-27 21:30:00,NASDAQ:GOOGL,164.63,165.42,162.0,162.24,24508273.0
2025-03-28 21:30:00,NASDAQ:GOOGL,160.49,161.82,153.63,154.33,48669335.0
2025-03-31 21:30:00,NASDAQ:GOOGL,153.11,155.54,150.662,154.64,54603464.0
2025-04-01 21:30:00,NASDAQ:GOOGL,153.62,158.1,153.62,157.07,30672899.0
2025-04-02 21:30:00,NASDAQ:GOOGL,155.15,158.4052,154.7,157.04,25041730.0
2025-04-03 21:30:00,NASDAQ:GOOGL,151.11,152.7799,150.39,150.72,46883371.0
2025-04-04 21:30:00,NASDAQ:GOOGL,148.01,151.07,145.38,145.6,62259539.0
2025-04-07 21:30:00,NASDAQ:GOOGL,141.55,152.85,140.53,146.75,76794136.0
2025-04-08 21:30:00,NASDAQ:GOOGL,151.22,152.24,143.03,144.7,52200208.0
2025-04-09 21:30:00,NASDAQ:GOOGL,144.415,159.55,143.905,158.71,70406232.0
2025-04-10 21:30:00,NASDAQ:GOOGL,156.54,157.72,149.93,152.82,48021972.0
2025-04-11 21:30:00,NASDAQ:GOOGL,152.9,157.67,152.82,157.14,33636239.0
2025-04-14 21:30:00,NASDAQ:GOOGL,159.995,161.72,157.56,159.07,30332957.0
2025-04-15 21:30:00,NASDAQ:GOOGL,159.125,159.65,155.21,156.31,27551534.0
2025-04-16 21:30:00,NASDAQ:GOOGL,153.1,155.89,151.51,153.33,28187421.0
2025-04-17 21:30:00,NASDAQ:GOOGL,154.29,154.68,148.5,151.16,33046576.0
2025-04-21 21:30:00,NASDAQ:GOOGL,148.88,148.945,146.1,147.67,26049115.0
2025-04-22 21:30:00,NASDAQ:GOOGL,148.89,152.19,148.54,151.47,26971774.0
2025-04-23 21:30:00,NASDAQ:GOOGL,155.61,157.525,153.81,155.35,31128833.0
2025-04-24 21:30:00,NASDAQ:GOOGL,156.15,159.59,155.79,159.28,45893951.0
2025-04-25 21:30:00,NASDAQ:GOOGL,165.07,166.1,161.04,161.96,56033995.0
2025-04-28 21:30:00,NASDAQ:GOOGL,162.425,163.15,158.6,160.61,29745782.0
2025-04-29 21:30:00,NASDAQ:GOOGL,160.325,160.74,157.52,160.16,26808958.0
2025-04-30 21:30:00,NASDAQ:GOOGL,157.975,159.27,155.4,158.8,34981059.0
2025-05-01 21:30:00,NASDAQ:GOOGL,160.45,161.95,158.91,161.3,30203248.0
2025-05-02 21:30:00,NASDAQ:GOOGL,163.405,164.97,161.87,164.03,25715005.0
2025-05-05 21:30:00,NASDAQ:GOOGL,163.0,165.39,162.72,164.21,21341814.0
2025-05-06 21:30:00,NASDAQ:GOOGL,162.17,164.8,161.19,163.23,21277210.0
2025-05-07 21:30:00,NASDAQ:GOOGL,164.08,165.0,153.93,154.12,25120762.0
